0, -2.99987, -0.829935, 0.141254
0.01, -3.00816, -0.828523, 0.133033
0.02, -3.01645, -0.827192, 0.124817
0.03, -3.02472, -0.825944, 0.116605
0.04, -3.03298, -0.824778, 0.108398
0.05, -3.04123, -0.823694, 0.100195
0.06, -3.04947, -0.822692, 0.0919965
0.07, -3.05769, -0.821772, 0.0838015
0.08, -3.06591, -0.820934, 0.0756098
0.09, -3.07412, -0.820178, 0.0674217
0.1, -3.08232, -0.819504, 0.0592363
0.11, -3.09052, -0.818911, 0.0510539
0.12, -3.09871, -0.818401, 0.0428737
0.13, -3.10689, -0.817972, 0.034696
0.14, -3.11507, -0.817625, 0.0265202
0.15, -3.12325, -0.81736, 0.0183459
0.16, -3.13142, -0.817177, 0.0101731
0.17, -3.13959, -0.817075, 0.00200144
0.18, -3.14776, -0.817055, -0.00616937
0.19, -3.15593, -0.817117, -0.0143395
0.2, -3.1641, -0.81726, -0.0225092
0.21, -3.17228, -0.817485, -0.0306788
0.22, -3.18045, -0.817792, -0.0388487
0.23, -3.18863, -0.81818, -0.0470192
0.24, -3.19681, -0.818651, -0.0551903
0.25, -3.205, -0.819202, -0.0633624
0.26, -3.21319, -0.819836, -0.0715358
0.27, -3.22139, -0.820551, -0.0797106
0.28, -3.22959, -0.821348, -0.0878871
0.29, -3.23781, -0.822227, -0.0960658
0.3, -3.24603, -0.823188, -0.104247
0.31, -3.25426, -0.82423, -0.11243
0.32, -3.2625, -0.825355, -0.120616
0.33, -3.27076, -0.826561, -0.128805
0.34, -3.27902, -0.827849, -0.136998
0.35, -3.2873, -0.829219, -0.145193
0.36, -3.29559, -0.830671, -0.153393
0.37, -3.3039, -0.832205, -0.161596
0.38, -3.31222, -0.833821, -0.169803
0.39, -3.32056, -0.835519, -0.178014
0.4, -3.32892, -0.837299, -0.186229
0.41, -3.33729, -0.839161, -0.194449
0.42, -3.34568, -0.841106, -0.202674
0.43, -3.35409, -0.843132, -0.210903
0.44, -3.36252, -0.845241, -0.219137
0.45, -3.37098, -0.847433, -0.227376
0.46, -3.37945, -0.849707, -0.23562
0.47, -3.38795, -0.852063, -0.243869
0.48, -3.39647, -0.854501, -0.252124
0.49, -3.40501, -0.857023, -0.260383
0.5, -3.41358, -0.859627, -0.268648
0.51, -3.42218, -0.862313, -0.276918
0.52, -3.4308, -0.865082, -0.285194
0.53, -3.43945, -0.867934, -0.293475
0.54, -3.44813, -0.870869, -0.301761
0.55, -3.45684, -0.873887, -0.310052
0.56, -3.46558, -0.876987, -0.318348
0.57, -3.47435, -0.880171, -0.326649
0.58, -3.48315, -0.883437, -0.334956
0.59, -3.49199, -0.886787, -0.343266
0.6, -3.50085, -0.890219, -0.351582
0.61, -3.50976, -0.893735, -0.359902
0.62, -3.51869, -0.897334, -0.368226
0.63, -3.52767, -0.901016, -0.376554
0.64, -3.53668, -0.904782, -0.384885
0.65, -3.54572, -0.908631, -0.39322
0.66, -3.55481, -0.912563, -0.401558
0.67, -3.56394, -0.916578, -0.409899
0.68, -3.5731, -0.920677, -0.418242
0.69, -3.58231, -0.92486, -0.426587
0.7, -3.59156, -0.929126, -0.434933
0.71, -3.60085, -0.933475, -0.443281
0.72, -3.61018, -0.937908, -0.451629
0.73, -3.61956, -0.942424, -0.459977
0.74, -3.62899, -0.947024, -0.468324
0.75, -3.63846, -0.951707, -0.476671
0.76, -3.64797, -0.956474, -0.485015
0.77, -3.65754, -0.961324, -0.493357
0.78, -3.66715, -0.966258, -0.501696
0.79, -3.67681, -0.971275, -0.510031
0.8, -3.68653, -0.976375, -0.518362
0.81, -3.69629, -0.981559, -0.526686
0.82, -3.70611, -0.986825, -0.535005
0.83, -3.71597, -0.992175, -0.543316
0.839999, -3.7259, -0.997609, -0.551618
0.849999, -3.73587, -1.00312, -0.559912
0.859999, -3.7459, -1.00872, -0.568195
0.869999, -3.75599, -1.01441, -0.576467
0.879999, -3.76613, -1.02017, -0.584726
0.889999, -3.77634, -1.02602, -0.592971
0.899999, -3.7866, -1.03195, -0.601201
0.909999, -3.79692, -1.03796, -0.609415
0.919999, -3.8073, -1.04405, -0.617612
0.929999, -3.81774, -1.05023, -0.625789
0.939999, -3.82824, -1.05649, -0.633947
0.949999, -3.8388, -1.06283, -0.642082
0.959999, -3.84943, -1.06925, -0.650193
0.969999, -3.86012, -1.07575, -0.65828
0.979999, -3.87088, -1.08233, -0.666339
0.989999, -3.8817, -1.089, -0.674371
0.999999, -3.89259, -1.09574, -0.682371
1.01, -3.90355, -1.10256, -0.69034
1.02, -3.91458, -1.10947, -0.698275
1.03, -3.92567, -1.11645, -0.706174
1.04, -3.93684, -1.12351, -0.714034
1.05, -3.94807, -1.13065, -0.721855
1.06, -3.95938, -1.13787, -0.729633
1.07, -3.97076, -1.14517, -0.737367
1.08, -3.98221, -1.15254, -0.745054
1.09, -3.99373, -1.15999, -0.752692
1.1, -4.00533, -1.16752, -0.760278
1.11, -4.01701, -1.17512, -0.76781
1.12, -4.02876, -1.1828, -0.775286
1.13, -4.04059, -1.19055, -0.782702
1.14, -4.05249, -1.19838, -0.790057
1.15, -4.06448, -1.20628, -0.797346
1.16, -4.07654, -1.21425, -0.804568
1.17, -4.08868, -1.2223, -0.81172
1.18, -4.10091, -1.23042, -0.818798
1.19, -4.11321, -1.2386, -0.825799
1.2, -4.1256, -1.24686, -0.832721
1.21, -4.13807, -1.25519, -0.83956
1.22, -4.15062, -1.26358, -0.846313
1.23, -4.16325, -1.27205, -0.852976
1.24, -4.17597, -1.28058, -0.859546
1.25, -4.18878, -1.28917, -0.86602
1.26, -4.20167, -1.29783, -0.872394
1.27, -4.21465, -1.30656, -0.878664
1.28, -4.22772, -1.31534, -0.884827
1.29, -4.24087, -1.32419, -0.890879
1.3, -4.25411, -1.3331, -0.896815
1.31, -4.26744, -1.34207, -0.902633
1.32, -4.28086, -1.3511, -0.908328
1.33, -4.29437, -1.36018, -0.913896
1.34, -4.30797, -1.36932, -0.919333
1.35, -4.32167, -1.37851, -0.924635
1.36, -4.33545, -1.38776, -0.929797
1.37, -4.34933, -1.39706, -0.934815
1.38, -4.3633, -1.4064, -0.939685
1.39, -4.37736, -1.4158, -0.944402
1.4, -4.39152, -1.42524, -0.948962
1.41, -4.40578, -1.43473, -0.953361
1.42, -4.42012, -1.44427, -0.957593
1.43, -4.43457, -1.45384, -0.961655
1.44, -4.4491, -1.46346, -0.96554
1.45, -4.46374, -1.47312, -0.969245
1.46, -4.47847, -1.48281, -0.972765
1.47, -4.4933, -1.49254, -0.976095
1.48, -4.50822, -1.5023, -0.97923
1.49, -4.52325, -1.51209, -0.982166
1.5, -4.53837, -1.52191, -0.984896
1.51, -4.55359, -1.53176, -0.987417
1.52, -4.5689, -1.54163, -0.989724
1.53, -4.58432, -1.55153, -0.99181
1.54, -4.59983, -1.56145, -0.993672
1.55, -4.61545, -1.57139, -0.995305
1.56, -4.63116, -1.58134, -0.996703
1.57, -4.64698, -1.59131, -0.997861
1.58, -4.66289, -1.60128, -0.998775
1.59, -4.6789, -1.61127, -0.999439
1.6, -4.69501, -1.62127, -0.999849
1.61, -4.71123, -1.63126, -0.999999
1.62, -4.72754, -1.64126, -0.999885
1.63, -4.74395, -1.65126, -0.999502
1.64, -4.76046, -1.66126, -0.998845
1.65, -4.77708, -1.67125, -0.997908
1.66, -4.79379, -1.68123, -0.996689
1.67, -4.8106, -1.69119, -0.995181
1.68, -4.82751, -1.70114, -0.99338
1.69, -4.84453, -1.71108, -0.991283
1.7, -4.86164, -1.72099, -0.988883
1.71, -4.87885, -1.73088, -0.986178
1.72, -4.89616, -1.74074, -0.983162
1.73, -4.91356, -1.75057, -0.979833
1.74, -4.93107, -1.76037, -0.976185
1.75, -4.94867, -1.77013, -0.972215
1.76, -4.96637, -1.77986, -0.967919
1.77, -4.98417, -1.78953, -0.963294
1.78, -5.00207, -1.79917, -0.958336
1.79, -5.02006, -1.80875, -0.953042
1.8, -5.03815, -1.81828, -0.947409
1.81, -5.05633, -1.82776, -0.941433
1.82, -5.07461, -1.83717, -0.935113
1.83, -5.09298, -1.84652, -0.928446
1.84, -5.11144, -1.85581, -0.921429
1.85, -5.13, -1.86502, -0.91406
1.86, -5.14865, -1.87416, -0.906337
1.87, -5.16739, -1.88322, -0.898259
1.88, -5.18622, -1.89221, -0.889825
1.89, -5.20515, -1.9011, -0.881032
1.9, -5.22416, -1.90991, -0.87188
1.91, -5.24326, -1.91863, -0.862368
1.92, -5.26244, -1.92726, -0.852496
1.93, -5.28172, -1.93578, -0.842264
1.94, -5.30107, -1.94421, -0.831672
1.95, -5.32052, -1.95252, -0.820719
1.96, -5.34004, -1.96073, -0.809408
1.97, -5.35965, -1.96882, -0.797739
1.98, -5.37934, -1.9768, -0.785714
1.99, -5.3991, -1.98466, -0.773332
2, -5.41895, -1.99239, -0.760598
2.01, -5.43887, -2, -0.747513
2.02, -5.45887, -2.00747, -0.73408
2.03, -5.47895, -2.01481, -0.720301
2.04, -5.4991, -2.02202, -0.706179
2.05, -5.51932, -2.02908, -0.691719
2.06, -5.53961, -2.036, -0.676925
2.07, -5.55997, -2.04276, -0.661799
2.08, -5.5804, -2.04938, -0.646348
2.09, -5.60089, -2.05585, -0.630576
2.1, -5.62145, -2.06215, -0.614488
2.11, -5.64207, -2.0683, -0.598089
2.12, -5.66275, -2.07428, -0.581387
2.13, -5.6835, -2.08009, -0.564386
2.14, -5.7043, -2.08573, -0.547094
2.15, -5.72515, -2.09121, -0.529517
2.16, -5.74607, -2.0965, -0.511663
2.17, -5.76703, -2.10162, -0.493539
2.18, -5.78805, -2.10655, -0.475153
2.19, -5.80911, -2.1113, -0.456513
2.2, -5.83023, -2.11587, -0.437628
2.21, -5.85139, -2.12025, -0.418506
2.22, -5.87259, -2.12443, -0.399157
2.23, -5.89383, -2.12842, -0.37959
2.24, -5.91512, -2.13222, -0.359814
2.25, -5.93644, -2.13582, -0.33984
2.26, -5.9578, -2.13922, -0.319677
2.27, -5.97919, -2.14241, -0.299336
2.28, -6.00061, -2.14541, -0.278827
2.29, -6.02207, -2.14819, -0.258161
2.3, -6.04355, -2.15078, -0.237349
2.31, -6.06506, -2.15315, -0.216403
2.32, -6.08659, -2.15531, -0.195333
2.33, -6.10814, -2.15727, -0.174151
2.34, -6.12971, -2.15901, -0.15287
2.35, -6.1513, -2.16054, -0.131499
2.36, -6.17291, -2.16185, -0.110052
2.37, -6.19453, -2.16295, -0.0885411
2.38, -6.21616, -2.16384, -0.0669777
2.39, -6.2378, -2.16451, -0.0453739
2.4, -6.25944, -2.16496, -0.0237422
2.41, -6.28109, -2.1652, -0.00209457
2.42, -6.30274, -2.16522, 0.0195559
2.43, -6.32439, -2.16502, 0.0411977
2.44, -6.34605, -2.16461, 0.0628183
2.45, -6.36769, -2.16398, 0.0844052
2.46, -6.38933, -2.16314, 0.105946
2.47, -6.41096, -2.16208, 0.127429
2.48, -6.43258, -2.16081, 0.148842
2.49, -6.45419, -2.15932, 0.170173
2.5, -6.47578, -2.15762, 0.19141
2.51, -6.49736, -2.1557, 0.212541
2.52, -6.51892, -2.15358, 0.233554
2.53, -6.54045, -2.15124, 0.254439
2.54, -6.56196, -2.1487, 0.275183
2.55, -6.58345, -2.14594, 0.295775
2.56, -6.60491, -2.14299, 0.316204
2.57, -6.62634, -2.13982, 0.336461
2.58, -6.64774, -2.13646, 0.356533
2.59, -6.6691, -2.13289, 0.376411
2.6, -6.69043, -2.12913, 0.396084
2.61, -6.71172, -2.12517, 0.415542
2.62, -6.73298, -2.12101, 0.434777
2.63, -6.75419, -2.11667, 0.453778
2.64, -6.77535, -2.11213, 0.472537
2.65, -6.79647, -2.1074, 0.491045
2.66, -6.81755, -2.10249, 0.509293
2.67, -6.83857, -2.0974, 0.527273
2.68, -6.85955, -2.09213, 0.544977
2.69, -6.88047, -2.08668, 0.562398
2.7, -6.90134, -2.08105, 0.579528
2.71, -6.92215, -2.07526, 0.596361
2.72, -6.9429, -2.06929, 0.61289
2.73, -6.96359, -2.06317, 0.629108
2.74, -6.98422, -2.05687, 0.645011
2.75, -7.00479, -2.05042, 0.660592
2.76, -7.0253, -2.04382, 0.675845
2.77, -7.04573, -2.03706, 0.690767
2.78, -7.0661, -2.03015, 0.705352
2.79, -7.08641, -2.0231, 0.719596
2.8, -7.10664, -2.0159, 0.733496
2.81, -7.1268, -2.00857, 0.747048
2.82, -7.14688, -2.0011, 0.760249
2.83, -7.16689, -1.99349, 0.773096
2.84, -7.18683, -1.98576, 0.785586
2.85, -7.20669, -1.97791, 0.797717
2.86, -7.22646, -1.96993, 0.809488
2.87, -7.24616, -1.96184, 0.820896
2.88, -7.26578, -1.95363, 0.831941
2.89, -7.28532, -1.94531, 0.842622
2.9, -7.30477, -1.93688, 0.852937
2.91, -7.32414, -1.92835, 0.862887
2.92, -7.34342, -1.91972, 0.872472
2.93, -7.36262, -1.911, 0.881692
2.94, -7.38173, -1.90218, 0.890547
2.95, -7.40075, -1.89328, 0.899038
2.96, -7.41969, -1.88429, 0.907167
2.97, -7.43853, -1.87521, 0.914934
2.98, -7.45728, -1.86606, 0.922341
2.99, -7.47594, -1.85684, 0.92939
3, -7.49451, -1.84755, 0.936083
3.01, -7.51299, -1.83819, 0.942422
3.02, -7.53137, -1.82876, 0.94841
3.03, -7.54966, -1.81928, 0.954049
3.04, -7.56785, -1.80974, 0.959342
3.05, -7.58595, -1.80014, 0.964293
3.06, -7.60395, -1.7905, 0.968904
3.07, -7.62185, -1.78081, 0.973179
3.08, -7.63966, -1.77108, 0.977121
3.09, -7.65737, -1.76131, 0.980734
3.1, -7.67498, -1.7515, 0.984023
3.11, -7.6925, -1.74166, 0.98699
3.12, -7.70992, -1.73179, 0.98964
3.13, -7.72723, -1.7219, 0.991978
3.14, -7.74445, -1.71198, 0.994008
3.15, -7.76157, -1.70204, 0.995733
3.16, -7.77859, -1.69208, 0.99716
3.17, -7.79551, -1.68211, 0.998291
3.18, -7.81233, -1.67212, 0.999133
3.19, -7.82906, -1.66213, 0.999689
3.2, -7.84568, -1.65214, 0.999965
3.21, -7.8622, -1.64214, 0.999966
3.22, -7.87862, -1.63214, 0.999696
3.23, -7.89494, -1.62214, 0.999161
3.24, -7.91116, -1.61215, 0.998366
3.25, -7.92728, -1.60216, 0.997315
3.26, -7.94331, -1.59219, 0.996013
3.27, -7.95923, -1.58223, 0.994467
3.28, -7.97505, -1.57229, 0.99268
3.29, -7.99077, -1.56236, 0.990659
3.3, -8.0064, -1.55245, 0.988407
3.31, -8.02192, -1.54257, 0.985931
3.32, -8.03735, -1.53271, 0.983236
3.33, -8.05267, -1.52288, 0.980325
3.34, -8.0679, -1.51307, 0.977206
3.35, -8.08303, -1.5033, 0.973882
3.36, -8.09807, -1.49356, 0.970359
3.37, -8.113, -1.48386, 0.966641
3.38, -8.12784, -1.47419, 0.962734
3.39, -8.14258, -1.46456, 0.958643
3.4, -8.15723, -1.45498, 0.954372
3.41, -8.17178, -1.44543, 0.949926
3.42, -8.18623, -1.43594, 0.945311
3.43, -8.20059, -1.42648, 0.94053
3.44, -8.21486, -1.41708, 0.935588
3.45, -8.22903, -1.40772, 0.930491
3.46, -8.2431, -1.39842, 0.925242
3.47, -8.25709, -1.38916, 0.919847
3.48, -8.27098, -1.37997, 0.914309
3.49, -8.28478, -1.37082, 0.908633
3.5, -8.29849, -1.36174, 0.902823
3.51, -8.31211, -1.35271, 0.896884
3.52, -8.32563, -1.34374, 0.89082
3.53, -8.33907, -1.33483, 0.884634
3.54, -8.35242, -1.32598, 0.878331
3.55, -8.36568, -1.3172, 0.871915
3.56, -8.37885, -1.30848, 0.86539
3.57, -8.39193, -1.29983, 0.858759
3.58, -8.40493, -1.29124, 0.852027
3.59, -8.41785, -1.28272, 0.845196
3.6, -8.43067, -1.27427, 0.838271
3.61, -8.44342, -1.26589, 0.831255
3.62, -8.45607, -1.25757, 0.824152
3.63, -8.46865, -1.24933, 0.816964
3.64, -8.48114, -1.24116, 0.809696
3.65, -8.49356, -1.23306, 0.80235
3.66, -8.50589, -1.22504, 0.794929
3.67, -8.51814, -1.21709, 0.787438
3.68, -8.53031, -1.20922, 0.779878
3.69, -8.5424, -1.20142, 0.772252
3.7, -8.55441, -1.1937, 0.764563
3.71, -8.56635, -1.18605, 0.756815
3.72, -8.57821, -1.17848, 0.749009
3.73, -8.59, -1.17099, 0.741149
3.74, -8.60171, -1.16358, 0.733237
3.75, -8.61334, -1.15625, 0.725276
3.76, -8.62491, -1.149, 0.717267
3.77, -8.6364, -1.14182, 0.709214
3.78, -8.64781, -1.13473, 0.701118
3.79, -8.65916, -1.12772, 0.692982
3.8, -8.67044, -1.12079, 0.684807
3.81, -8.68165, -1.11394, 0.676597
3.82, -8.69279, -1.10718, 0.668352
3.83, -8.70386, -1.10049, 0.660076
3.84, -8.71486, -1.09389, 0.651769
3.85, -8.7258, -1.08737, 0.643434
3.86, -8.73668, -1.08094, 0.635072
3.87, -8.74749, -1.07459, 0.626686
3.88, -8.75823, -1.06832, 0.618276
3.89, -8.76891, -1.06214, 0.609844
3.9, -8.77954, -1.05604, 0.601392
3.91, -8.7901, -1.05003, 0.592922
3.92, -8.8006, -1.0441, 0.584434
3.93, -8.81104, -1.03825, 0.57593
3.94, -8.82142, -1.03249, 0.567412
3.95, -8.83174, -1.02682, 0.55888
3.96, -8.84201, -1.02123, 0.550336
3.97, -8.85222, -1.01573, 0.541781
3.98, -8.86238, -1.01031, 0.533216
3.99, -8.87248, -1.00498, 0.524641
4, -8.88253, -0.999732, 0.516059
4.01, -8.89253, -0.994571, 0.50747
4.02, -8.90248, -0.989497, 0.498875
4.03, -8.91237, -0.984508, 0.490275
4.04, -8.92222, -0.979605, 0.481671
4.05, -8.93201, -0.974788, 0.473063
4.06, -8.94176, -0.970058, 0.464453
4.07, -8.95146, -0.965413, 0.45584
4.08, -8.96112, -0.960855, 0.447227
4.09, -8.97072, -0.956383, 0.438612
4.1, -8.98029, -0.951996, 0.429998
4.11, -8.98981, -0.947696, 0.421384
4.12, -8.99928, -0.943483, 0.412771
4.13, -9.00872, -0.939355, 0.404159
4.14, -9.01811, -0.935313, 0.395549
4.15, -9.02746, -0.931358, 0.386942
4.16, -9.03678, -0.927488, 0.378337
4.17, -9.04605, -0.923705, 0.369736
4.18, -9.05529, -0.920008, 0.361138
4.19, -9.06449, -0.916396, 0.352543
4.2, -9.07365, -0.912871, 0.343953
4.21, -9.08278, -0.909431, 0.335367
4.22, -9.09188, -0.906078, 0.326786
4.23, -9.10094, -0.90281, 0.318209
4.24, -9.10997, -0.899628, 0.309637
4.25, -9.11896, -0.896531, 0.301071
4.26, -9.12793, -0.893521, 0.29251
4.27, -9.13686, -0.890595, 0.283954
4.28, -9.14577, -0.887756, 0.275403
4.29, -9.15465, -0.885002, 0.266858
4.3, -9.1635, -0.882333, 0.258318
4.31, -9.17232, -0.87975, 0.249784
4.32, -9.18112, -0.877252, 0.241256
4.33, -9.18989, -0.87484, 0.232733
4.34, -9.19864, -0.872512, 0.224217
4.35, -9.20736, -0.87027, 0.215705
4.36, -9.21607, -0.868113, 0.2072
4.37001, -9.22475, -0.866041, 0.198699
4.38001, -9.23341, -0.864054, 0.190204
4.39001, -9.24205, -0.862152, 0.181715
4.40001, -9.25067, -0.860335, 0.17323
4.41001, -9.25927, -0.858603, 0.164751
4.42001, -9.26786, -0.856955, 0.156276
4.43001, -9.27643, -0.855392, 0.147806
4.44001, -9.28498, -0.853914, 0.139341
4.45001, -9.29352, -0.852521, 0.13088
4.46001, -9.30205, -0.851212, 0.122424
4.47001, -9.31056, -0.849988, 0.113971
4.48001, -9.31906, -0.848848, 0.105523
4.49001, -9.32755, -0.847793, 0.0970778
4.50001, -9.33603, -0.846822, 0.0886362
4.51001, -9.34449, -0.845936, 0.0801979
4.52001, -9.35295, -0.845134, 0.0717633
4.53001, -9.3614, -0.844416, 0.0633311
4.54001, -9.36985, -0.843783, 0.0549021
4.55001, -9.37829, -0.843234, 0.0464749
4.56001, -9.38672, -0.842769, 0.03805
4.57001, -9.39515, -0.842389, 0.0296273
4.58001, -9.40357, -0.842092, 0.0212062
4.59001, -9.41199, -0.84188, 0.0127865
4.60001, -9.42041, -0.841752, 0.00436779
4.61001, -9.42883, -0.841709, -0.00404931
4.62001, -9.43724, -0.841749, -0.0124661
4.63001, -9.44566, -0.841874, -0.0208821
4.64001, -9.45408, -0.842083, -0.0292984
4.65001, -9.4625, -0.842376, -0.0377146
4.66001, -9.47093, -0.842753, -0.046131
4.67001, -9.47935, -0.843214, -0.0545479
4.68001, -9.48779, -0.843759, -0.0629657
4.69001, -9.49622, -0.844389, -0.0713838
4.70001, -9.50467, -0.845103, -0.0798034
4.71001, -9.51312, -0.845901, -0.088225
4.72001, -9.52158, -0.846783, -0.0966478
4.73001, -9.53004, -0.84775, -0.105072
4.74001, -9.53852, -0.8488, -0.113499
4.75001, -9.54701, -0.849935, -0.121927
4.76001, -9.55551, -0.851155, -0.130359
4.77001, -9.56402, -0.852458, -0.138793
4.78001, -9.57255, -0.853846, -0.14723
4.79001, -9.58108, -0.855319, -0.15567
4.80001, -9.58964, -0.856875, -0.164113
4.81002, -9.59821, -0.858516, -0.17256
4.82002, -9.60679, -0.860242, -0.181009
4.83002, -9.61539, -0.862052, -0.189463
4.84002, -9.62401, -0.863947, -0.19792
4.85002, -9.63265, -0.865926, -0.20638
4.86002, -9.64131, -0.86799, -0.214846
4.87002, -9.64999, -0.870138, -0.223315
4.88002, -9.65869, -0.872371, -0.231788
4.89002, -9.66742, -0.874689, -0.240265
4.90002, -9.67616, -0.877092, -0.248746
4.91002, -9.68493, -0.879579, -0.257232
4.92002, -9.69373, -0.882152, -0.265722
4.93002, -9.70255, -0.884809, -0.274216
4.94002, -9.7114, -0.887551, -0.282714
4.95002, -9.72028, -0.890378, -0.291216
4.96002, -9.72918, -0.89329, -0.299722
4.97002, -9.73811, -0.896288, -0.308232
4.98002, -9.74708, -0.89937, -0.316746
4.99002, -9.75607, -0.902537, -0.325264
5.00002, -9.76509, -0.90579, -0.333786
5.01002, -9.77415, -0.909128, -0.34231
5.02002, -9.78324, -0.912551, -0.350838
5.03002, -9.79237, -0.916059, -0.359369
5.04002, -9.80153, -0.919653, -0.367903
5.05002, -9.81073, -0.923332, -0.376439
5.06002, -9.81996, -0.927096, -0.384977
5.07002, -9.82923, -0.930946, -0.393516
5.08002, -9.83854, -0.934881, -0.402058
5.09002, -9.84789, -0.938902, -0.4106
5.10002, -9.85728, -0.943008, -0.419143
5.11002, -9.86671, -0.947199, -0.427686
5.12002, -9.87618, -0.951476, -0.436228
5.13002, -9.8857, -0.955839, -0.44477
5.14002, -9.89525, -0.960286, -0.453311
5.15002, -9.90486, -0.964819, -0.461849
5.16002, -9.91451, -0.969438, -0.470385
5.17002, -9.9242, -0.974142, -0.478917
5.18002, -9.93394, -0.978931, -0.487447
5.19002, -9.94373, -0.983805, -0.495971
5.20002, -9.95357, -0.988765, -0.504489
5.21002, -9.96346, -0.99381, -0.513002
5.22002, -9.97339, -0.99894, -0.521507
5.23002, -9.98338, -1.00415, -0.530005
5.24003, -9.99343, -1.00945, -0.538493
5.25003, -10.0035, -1.01484, -0.546971
5.26003, -10.0137, -1.02031, -0.555438
5.27003, -10.0239, -1.02586, -0.563894
5.28003, -10.0341, -1.0315, -0.572336
5.29003, -10.0444, -1.03723, -0.580764
5.30003, -10.0548, -1.04303, -0.589176
5.31003, -10.0652, -1.04893, -0.597572
5.32003, -10.0757, -1.0549, -0.60595
5.33003, -10.0863, -1.06096, -0.614307
5.34003, -10.0969, -1.0671, -0.622644
5.35003, -10.1076, -1.07333, -0.630958
5.36003, -10.1183, -1.07964, -0.639249
5.37003, -10.1291, -1.08603, -0.647514
5.38003, -10.14, -1.09251, -0.655752
5.39003, -10.1509, -1.09907, -0.663961
5.40003, -10.1619, -1.1057, -0.67214
5.41003, -10.1729, -1.11243, -0.680285
5.42003, -10.1841, -1.11923, -0.688397
5.43003, -10.1952, -1.12611, -0.696472
5.44003, -10.2065, -1.13308, -0.704508
5.45003, -10.2178, -1.14012, -0.712504
5.46003, -10.2292, -1.14725, -0.720457
5.47003, -10.2407, -1.15445, -0.728366
5.48003, -10.2523, -1.16174, -0.736227
5.49003, -10.2639, -1.1691, -0.744039
5.50003, -10.2756, -1.17654, -0.7518
5.51003, -10.2873, -1.18406, -0.759506
5.52003, -10.2992, -1.19165, -0.767155
5.53003, -10.3111, -1.19932, -0.774744
5.54003, -10.3231, -1.20707, -0.782271
5.55003, -10.3352, -1.21489, -0.789733
5.56003, -10.3473, -1.22279, -0.797127
5.57003, -10.3595, -1.23076, -0.804451
5.58003, -10.3718, -1.23881, -0.811701
5.59003, -10.3842, -1.24692, -0.818874
5.60003, -10.3967, -1.25511, -0.825967
5.61003, -10.4092, -1.26337, -0.832977
5.62003, -10.4219, -1.2717, -0.8399
5.63003, -10.4346, -1.2801, -0.846735
5.64003, -10.4474, -1.28857, -0.853475
5.65003, -10.4603, -1.2971, -0.86012
5.66003, -10.4733, -1.3057, -0.866664
5.67003, -10.4863, -1.31437, -0.873103
5.68004, -10.4995, -1.3231, -0.879436
5.69004, -10.5127, -1.3319, -0.885657
5.70004, -10.526, -1.34075, -0.891763
5.71004, -10.5394, -1.34967, -0.897749
5.72004, -10.5529, -1.35865, -0.903613
5.73004, -10.5665, -1.36768, -0.909349
5.74004, -10.5802, -1.37678, -0.914953
5.75004, -10.5939, -1.38593, -0.920423
5.76004, -10.6078, -1.39513, -0.925752
5.77004, -10.6217, -1.40439, -0.930937
5.78004, -10.6358, -1.4137, -0.935974
5.79004, -10.6499, -1.42306, -0.940857
5.80004, -10.6642, -1.43247, -0.945583
5.81004, -10.6785, -1.44192, -0.950147
5.82004, -10.6929, -1.45142, -0.954544
5.83004, -10.7074, -1.46097, -0.95877
5.84004, -10.722, -1.47056, -0.962819
5.85004, -10.7367, -1.48018, -0.966687
5.86004, -10.7515, -1.48985, -0.97037
5.87004, -10.7664, -1.49956, -0.973862
5.88004, -10.7814, -1.50929, -0.977158
5.89004, -10.7965, -1.51907, -0.980254
5.90004, -10.8117, -1.52887, -0.983145
5.91004, -10.827, -1.5387, -0.985825
5.92004, -10.8424, -1.54856, -0.98829
5.93004, -10.8579, -1.55844, -0.990534
5.94004, -10.8735, -1.56835, -0.992553
5.95004, -10.8891, -1.57827, -0.994341
5.96004, -10.9049, -1.58822, -0.995894
5.97004, -10.9208, -1.59817, -0.997206
5.98004, -10.9368, -1.60815, -0.998273
5.99004, -10.9529, -1.61813, -0.999088
6.00004, -10.9691, -1.62812, -0.999648
6.01004, -10.9853, -1.63812, -0.999948
6.02004, -11.0017, -1.64812, -0.999981
6.03004, -11.0182, -1.65812, -0.999744
6.04004, -11.0348, -1.66811, -0.999232
6.05004, -11.0515, -1.67811, -0.998439
6.06004, -11.0682, -1.68809, -0.997361
6.07004, -11.0851, -1.69806, -0.995994
6.08004, -11.1021, -1.70802, -0.994332
6.09004, -11.1192, -1.71797, -0.992371
6.10004, -11.1364, -1.72789, -0.990106
6.11004, -11.1536, -1.73779, -0.987534
6.12005, -11.171, -1.74767, -0.98465
6.13005, -11.1885, -1.75751, -0.981449
6.14005, -11.2061, -1.76733, -0.977928
6.15005, -11.2237, -1.77711, -0.974083
6.16005, -11.2415, -1.78685, -0.96991
6.17005, -11.2594, -1.79655, -0.965405
6.18005, -11.2773, -1.8062, -0.960565
6.19005, -11.2954, -1.81581, -0.955386
6.20005, -11.3136, -1.82536, -0.949866
6.21005, -11.3318, -1.83486, -0.944001
6.22005, -11.3502, -1.8443, -0.937788
6.23005, -11.3686, -1.85368, -0.931225
6.24005, -11.3871, -1.86299, -0.92431
6.25005, -11.4058, -1.87223, -0.91704
6.26005, -11.4245, -1.8814, -0.909414
6.27005, -11.4433, -1.8905, -0.901429
6.28005, -11.4622, -1.89951, -0.893084
6.29005, -11.4812, -1.90844, -0.884377
6.30005, -11.5003, -1.91729, -0.875309
6.31005, -11.5195, -1.92604, -0.865877
6.32005, -11.5387, -1.9347, -0.856082
6.33005, -11.5581, -1.94326, -0.845923
6.34005, -11.5775, -1.95172, -0.8354
6.35005, -11.597, -1.96007, -0.824515
6.36005, -11.6166, -1.96832, -0.813266
6.37005, -11.6363, -1.97645, -0.801656
6.38005, -11.6561, -1.98447, -0.789685
6.39005, -11.6759, -1.99236, -0.777355
6.40005, -11.6958, -2.00014, -0.764669
6.41005, -11.7158, -2.00778, -0.751627
6.42005, -11.7359, -2.0153, -0.738234
6.43005, -11.7561, -2.02268, -0.72449
6.44005, -11.7763, -2.02993, -0.710401
6.45005, -11.7966, -2.03703, -0.69597
6.46005, -11.817, -2.04399, -0.681199
6.47005, -11.8374, -2.0508, -0.666093
6.48005, -11.8579, -2.05746, -0.650658
6.49005, -11.8785, -2.06397, -0.634898
6.50005, -11.8991, -2.07032, -0.618818
6.51005, -11.9198, -2.07651, -0.602423
6.52005, -11.9406, -2.08253, -0.58572
6.53005, -11.9614, -2.08839, -0.568715
6.54005, -11.9823, -2.09408, -0.551415
6.55006, -12.0033, -2.09959, -0.533826
6.56006, -12.0242, -2.10493, -0.515955
6.57006, -12.0453, -2.11009, -0.497811
6.58006, -12.0664, -2.11507, -0.479401
6.59006, -12.0875, -2.11986, -0.460733
6.60006, -12.1087, -2.12447, -0.441817
6.61006, -12.13, -2.12889, -0.42266
6.62006, -12.1513, -2.13311, -0.403272
6.63006, -12.1726, -2.13715, -0.383662
6.64006, -12.194, -2.14098, -0.363839
6.65006, -12.2154, -2.14462, -0.343815
6.66006, -12.2368, -2.14806, -0.323599
6.67006, -12.2583, -2.15129, -0.303201
6.68006, -12.2798, -2.15433, -0.282632
6.69006, -12.3014, -2.15715, -0.261903
6.70006, -12.3229, -2.15977, -0.241025
6.71006, -12.3445, -2.16218, -0.22001
6.72006, -12.3662, -2.16438, -0.198868
6.73006, -12.3878, -2.16637, -0.177612
6.74006, -12.4095, -2.16815, -0.156252
6.75006, -12.4312, -2.16971, -0.134802
6.76006, -12.4529, -2.17106, -0.113273
6.77006, -12.4746, -2.17219, -0.0916772
6.78006, -12.4963, -2.17311, -0.0700269
6.79006, -12.518, -2.17381, -0.048334
6.80006, -12.5398, -2.17429, -0.0266117
6.81006, -12.5615, -2.17456, -0.00487195
6.82006, -12.5832, -2.17461, 0.0168729
6.83006, -12.605, -2.17444, 0.0386098
6.84006, -12.6267, -2.17405, 0.0603275
6.85006, -12.6485, -2.17345, 0.0820128
6.86006, -12.6702, -2.17263, 0.103653
6.87006, -12.6919, -2.17159, 0.125236
6.88006, -12.7137, -2.17034, 0.14675
6.89006, -12.7354, -2.16887, 0.168183
6.90006, -12.757, -2.16719, 0.189521
6.91006, -12.7787, -2.16529, 0.210754
6.92006, -12.8004, -2.16319, 0.23187
6.93006, -12.822, -2.16087, 0.252857
6.94006, -12.8436, -2.15834, 0.273702
6.95006, -12.8652, -2.1556, 0.294396
6.96006, -12.8868, -2.15266, 0.314927
6.97006, -12.9083, -2.14951, 0.335283
6.98006, -12.9298, -2.14616, 0.355455
6.99007, -12.9512, -2.1426, 0.375432
7.00007, -12.9727, -2.13885, 0.395203
7.01007, -12.994, -2.13489, 0.414758
7.02007, -13.0154, -2.13075, 0.434088
7.03007, -13.0367, -2.12641, 0.453184
7.04007, -13.058, -2.12187, 0.472035
7.05007, -13.0792, -2.11715, 0.490633
7.06007, -13.1004, -2.11225, 0.50897
7.07007, -13.1215, -2.10716, 0.527037
7.08007, -13.1426, -2.10189, 0.544826
7.09007, -13.1636, -2.09644, 0.56233
7.10007, -13.1845, -2.09082, 0.579541
7.11007, -13.2054, -2.08502, 0.596452
7.12007, -13.2263, -2.07906, 0.613057
7.13007, -13.2471, -2.07293, 0.629348
7.14007, -13.2678, -2.06663, 0.645321
7.15007, -13.2885, -2.06018, 0.660969
7.16007, -13.3091, -2.05357, 0.676288
7.17007, -13.3296, -2.04681, 0.691271
7.18007, -13.3501, -2.03989, 0.705915
7.19007, -13.3705, -2.03283, 0.720216
7.20007, -13.3908, -2.02563, 0.734169
7.21007, -13.4111, -2.01829, 0.747771
7.22007, -13.4313, -2.01081, 0.761018
7.23007, -13.4514, -2.0032, 0.773908
7.24007, -13.4714, -1.99546, 0.786438
7.25007, -13.4913, -1.9876, 0.798606
7.26007, -13.5112, -1.97961, 0.81041
7.27007, -13.531, -1.97151, 0.821848
7.28007, -13.5507, -1.96329, 0.83292
7.29007, -13.5704, -1.95496, 0.843623
7.30007, -13.5899, -1.94652, 0.853958
7.31007, -13.6094, -1.93799, 0.863925
7.32007, -13.6288, -1.92935, 0.873522
7.33007, -13.6481, -1.92061, 0.882751
7.34007, -13.6673, -1.91178, 0.891611
7.35007, -13.6864, -1.90287, 0.900104
7.36007, -13.7054, -1.89387, 0.908231
7.37007, -13.7243, -1.88478, 0.915993
7.38007, -13.7432, -1.87562, 0.923391
7.39007, -13.7619, -1.86639, 0.930428
7.40007, -13.7806, -1.85709, 0.937106
7.41007, -13.7992, -1.84771, 0.943426
7.42007, -13.8177, -1.83828, 0.949391
7.43008, -13.836, -1.82879, 0.955004
7.44008, -13.8543, -1.81924, 0.960268
7.45008, -13.8725, -1.80963, 0.965186
7.46008, -13.8906, -1.79998, 0.969761
7.47008, -13.9086, -1.79028, 0.973997
7.48008, -13.9265, -1.78054, 0.977897
7.49008, -13.9443, -1.77077, 0.981464
7.50008, -13.962, -1.76095, 0.984704
7.51008, -13.9796, -1.7511, 0.987619
7.52008, -13.9972, -1.74123, 0.990215
7.53008, -14.0146, -1.73133, 0.992494
7.54008, -14.0319, -1.7214, 0.994463
7.55008, -14.0491, -1.71146, 0.996124
7.56008, -14.0662, -1.70149, 0.997484
7.57008, -14.0832, -1.69152, 0.998546
7.58008, -14.1001, -1.68153, 0.999315
7.59008, -14.117, -1.67154, 0.999796
7.60008, -14.1337, -1.66154, 0.999994
7.61008, -14.1503, -1.65154, 0.999914
7.62008, -14.1668, -1.64154, 0.999561
7.63008, -14.1832, -1.63155, 0.99894
7.64008, -14.1995, -1.62156, 0.998056
7.65008, -14.2157, -1.61158, 0.996914
7.66008, -14.2319, -1.60161, 0.99552
7.67008, -14.2479, -1.59165, 0.993877
7.68008, -14.2638, -1.58172, 0.991993
7.69008, -14.2796, -1.5718, 0.989872
7.70008, -14.2953, -1.5619, 0.987518
7.71008, -14.311, -1.55202, 0.984937
7.72008, -14.3265, -1.54217, 0.982135
7.73008, -14.3419, -1.53235, 0.979117
7.74008, -14.3572, -1.52256, 0.975887
7.75008, -14.3724, -1.5128, 0.97245
7.76008, -14.3876, -1.50308, 0.968813
7.77008, -14.4026, -1.49339, 0.964979
7.78008, -14.4175, -1.48374, 0.960954
7.79008, -14.4324, -1.47413, 0.956742
7.80008, -14.4471, -1.46456, 0.95235
7.81008, -14.4618, -1.45504, 0.947781
7.82008, -14.4763, -1.44556, 0.94304
7.83008, -14.4908, -1.43613, 0.938133
7.84008, -14.5051, -1.42675, 0.933063
7.85008, -14.5194, -1.41742, 0.927836
7.86009, -14.5336, -1.40814, 0.922456
7.87009, -14.5476, -1.39891, 0.916928
7.88009, -14.5616, -1.38975, 0.911256
7.89009, -14.5755, -1.38063, 0.905445
7.90009, -14.5893, -1.37158, 0.899498
7.91009, -14.6031, -1.36258, 0.893421
7.92009, -14.6167, -1.35365, 0.887217
7.93009, -14.6302, -1.34478, 0.880891
7.94009, -14.6437, -1.33597, 0.874447
7.95009, -14.657, -1.32722, 0.867888
7.96009, -14.6703, -1.31854, 0.861218
7.97009, -14.6835, -1.30993, 0.854442
7.98009, -14.6966, -1.30139, 0.847563
7.99009, -14.7096, -1.29291, 0.840585
8.00009, -14.7225, -1.28451, 0.833512
8.01009, -14.7354, -1.27617, 0.826346
8.02009, -14.7481, -1.26791, 0.819092
8.03009, -14.7608, -1.25972, 0.811753
8.04009, -14.7734, -1.2516, 0.804332
8.05009, -14.7859, -1.24356, 0.796833
8.06009, -14.7984, -1.23559, 0.789257
8.07009, -14.8107, -1.2277, 0.78161
8.08009, -14.823, -1.21988, 0.773894
8.09009, -14.8352, -1.21214, 0.766111
8.10009, -14.8473, -1.20448, 0.758264
8.11009, -14.8594, -1.1969, 0.750357
8.12009, -14.8713, -1.18939, 0.742392
8.13009, -14.8832, -1.18197, 0.734371
8.14009, -14.895, -1.17463, 0.726297
8.15009, -14.9068, -1.16736, 0.718172
8.16009, -14.9185, -1.16018, 0.71
8.17009, -14.9301, -1.15308, 0.701783
8.18009, -14.9416, -1.14606, 0.693522
8.19009, -14.9531, -1.13913, 0.68522
8.20009, -14.9644, -1.13228, 0.676879
8.21009, -14.9758, -1.12551, 0.668501
8.22009, -14.987, -1.11882, 0.660088
8.23009, -14.9982, -1.11222, 0.651642
8.24009, -15.0093, -1.1057, 0.643166
8.25009, -15.0204, -1.09927, 0.63466
8.26009, -15.0314, -1.09293, 0.626127
8.27009, -15.0423, -1.08667, 0.617568
8.28009, -15.0532, -1.08049, 0.608985
8.29009, -15.064, -1.0744, 0.600379
8.30009, -15.0747, -1.0684, 0.591752
8.31009, -15.0854, -1.06248, 0.583106
8.3201, -15.096, -1.05665, 0.574441
8.3301, -15.1066, -1.0509, 0.56576
8.3401, -15.1171, -1.04525, 0.557063
8.3501, -15.1276, -1.03967, 0.548353
8.3601, -15.138, -1.03419, 0.539629
8.3701, -15.1483, -1.0288, 0.530893
8.3801, -15.1586, -1.02349, 0.522147
8.3901, -15.1688, -1.01826, 0.513391
8.4001, -15.179, -1.01313, 0.504626
8.4101, -15.1891, -1.00808, 0.495854
8.4201, -15.1992, -1.00313, 0.487074
8.4301, -15.2093, -0.998255, 0.478289
8.4401, -15.2192, -0.993472, 0.469499
8.4501, -15.2292, -0.988777, 0.460704
8.4601, -15.2391, -0.98417, 0.451906
8.4701, -15.2489, -0.979651, 0.443105
8.4801, -15.2587, -0.97522, 0.434302
8.4901, -15.2685, -0.970877, 0.425497
8.5001, -15.2782, -0.966622, 0.416691
8.5101, -15.2878, -0.962455, 0.407884
8.5201, -15.2975, -0.958376, 0.399078
8.5301, -15.307, -0.954386, 0.390273
8.5401, -15.3166, -0.950483, 0.381469
8.5501, -15.3261, -0.946668, 0.372665
8.5601, -15.3356, -0.942941, 0.363863
8.5701, -15.345, -0.939303, 0.355064
8.5801, -15.3544, -0.935752, 0.346268
8.5901, -15.3637, -0.93229, 0.337475
8.6001, -15.3731, -0.928915, 0.328684
8.6101, -15.3823, -0.925628, 0.319897
8.6201, -15.3916, -0.922429, 0.311114
8.6301, -15.4008, -0.919318, 0.302334
8.6401, -15.41, -0.916295, 0.293558
8.6501, -15.4192, -0.913359, 0.284787
8.6601, -15.4283, -0.910511, 0.27602
8.6701, -15.4374, -0.907751, 0.267258
8.6801, -15.4465, -0.905078, 0.2585
8.6901, -15.4555, -0.902493, 0.249747
8.7001, -15.4646, -0.899996, 0.240998
8.7101, -15.4736, -0.897586, 0.232254
8.7201, -15.4825, -0.895263, 0.223514
8.7301, -15.4915, -0.893028, 0.214779
8.7401, -15.5004, -0.89088, 0.206048
8.7501, -15.5093, -0.88882, 0.197322
8.76011, -15.5182, -0.886847, 0.188601
8.77011, -15.5271, -0.884961, 0.179885
8.78011, -15.5359, -0.883162, 0.171173
8.79011, -15.5448, -0.88145, 0.162465
8.80011, -15.5536, -0.879825, 0.153761
8.81011, -15.5624, -0.878288, 0.145061
8.82011, -15.5712, -0.876837, 0.136365
8.83011, -15.5799, -0.875474, 0.127674
8.84011, -15.5887, -0.874197, 0.118986
8.85011, -15.5974, -0.873007, 0.110301
8.86011, -15.6062, -0.871904, 0.101621
8.87011, -15.6149, -0.870888, 0.0929426
8.88011, -15.6236, -0.869958, 0.084268
8.89011, -15.6323, -0.869116, 0.0755964
8.90011, -15.641, -0.86836, 0.0669277
8.91011, -15.6497, -0.86769, 0.0582616
8.92011, -15.6583, -0.867108, 0.0495977
8.93011, -15.667, -0.866612, 0.0409358
8.94011, -15.6757, -0.866202, 0.0322756
8.95011, -15.6843, -0.86588, 0.0236168
8.96011, -15.693, -0.865643, 0.01496
8.97011, -15.7017, -0.865494, 0.00630402
8.98011, -15.7103, -0.865431, -0.00235053
8.99011, -15.719, -0.865454, -0.0110049
9.00011, -15.7276, -0.865564, -0.0196585
9.01011, -15.7363, -0.865761, -0.0283115
9.02011, -15.7449, -0.866044, -0.0369643
9.03011, -15.7536, -0.866414, -0.0456172
9.04011, -15.7623, -0.86687, -0.0542705
9.05011, -15.7709, -0.867413, -0.0629245
9.06011, -15.7796, -0.868042, -0.0715785
9.07011, -15.7883, -0.868758, -0.0802337
9.08011, -15.797, -0.86956, -0.0888906
9.09011, -15.8057, -0.870449, -0.0975483
9.10011, -15.8144, -0.871424, -0.106207
9.11011, -15.8231, -0.872486, -0.114868
9.12011, -15.8318, -0.873635, -0.123531
9.13011, -15.8405, -0.87487, -0.132196
9.14011, -15.8493, -0.876192, -0.140863
9.15011, -15.8581, -0.877601, -0.149533
9.16011, -15.8668, -0.879096, -0.158204
9.17011, -15.8756, -0.880678, -0.166878
9.18011, -15.8844, -0.882347, -0.175555
9.19011, -15.8933, -0.884103, -0.184234
9.20012, -15.9021, -0.885945, -0.192916
9.21012, -15.911, -0.887874, -0.201602
9.22012, -15.9198, -0.88989, -0.21029
9.23012, -15.9287, -0.891993, -0.218982
9.24012, -15.9377, -0.894183, -0.227676
9.25012, -15.9466, -0.89646, -0.236374
9.26012, -15.9556, -0.898823, -0.245074
9.27012, -15.9645, -0.901274, -0.253779
9.28012, -15.9736, -0.903812, -0.262486
9.29012, -15.9826, -0.906437, -0.271197
9.30012, -15.9917, -0.909149, -0.27991
9.31012, -16.0008, -0.911948, -0.288627
9.32012, -16.0099, -0.914834, -0.297345
9.33012, -16.019, -0.917807, -0.306067
9.34012, -16.0282, -0.920868, -0.314791
9.35012, -16.0374, -0.924016, -0.323518
9.36012, -16.0466, -0.927251, -0.332249
9.37012, -16.0559, -0.930574, -0.340979
9.38012, -16.0652, -0.933983, -0.349713
9.39012, -16.0746, -0.937481, -0.358448
9.40012, -16.0839, -0.941065, -0.367183
9.41012, -16.0934, -0.944737, -0.375921
9.42012, -16.1028, -0.948496, -0.384658
9.43012, -16.1123, -0.952343, -0.393396
9.44012, -16.1218, -0.956277, -0.402133
9.45012, -16.1314, -0.960298, -0.410871
9.46012, -16.141, -0.964407, -0.419607
9.47012, -16.1506, -0.968603, -0.428341
9.48012, -16.1603, -0.972886, -0.437073
9.49012, -16.17, -0.977257, -0.445803
9.50012, -16.1798, -0.981715, -0.45453
9.51012, -16.1896, -0.98626, -0.463252
9.52012, -16.1995, -0.990893, -0.47197
9.53012, -16.2094, -0.995612, -0.480683
9.54012, -16.2194, -1.00042, -0.489389
9.55012, -16.2294, -1.00531, -0.498089
9.56012, -16.2394, -1.01029, -0.506781
9.57012, -16.2495, -1.01536, -0.515465
9.58012, -16.2597, -1.02052, -0.524138
9.59012, -16.2699, -1.02576, -0.532801
9.60012, -16.2801, -1.03109, -0.541454
9.61012, -16.2904, -1.0365, -0.550094
9.62012, -16.3008, -1.042, -0.558719
9.63013, -16.3112, -1.04759, -0.567331
9.64013, -16.3217, -1.05326, -0.575926
9.65013, -16.3322, -1.05902, -0.584504
9.66013, -16.3428, -1.06487, -0.593063
9.67013, -16.3535, -1.0708, -0.601603
9.68013, -16.3642, -1.07681, -0.610122
9.69013, -16.3749, -1.08291, -0.618619
9.70013, -16.3858, -1.0891, -0.627091
9.71013, -16.3967, -1.09537, -0.635537
9.72013, -16.4076, -1.10173, -0.643956
9.73013, -16.4186, -1.10817, -0.652345
9.74013, -16.4297, -1.11469, -0.660704
9.75013, -16.4409, -1.1213, -0.66903
9.76013, -16.4521, -1.12799, -0.677322
9.77013, -16.4634, -1.13476, -0.685577
9.78013, -16.4747, -1.14162, -0.693794
9.79013, -16.4861, -1.14855, -0.701969
9.80013, -16.4976, -1.15557, -0.710103
9.81013, -16.5092, -1.16267, -0.718193
9.82013, -16.5208, -1.16986, -0.726235
9.83013, -16.5325, -1.17712, -0.734226
9.84013, -16.5443, -1.18446, -0.742166
9.85013, -16.5561, -1.19188, -0.750052
9.86013, -16.568, -1.19938, -0.757882
9.87013, -16.58, -1.20696, -0.765652
9.88013, -16.5921, -1.21462, -0.77336
9.89013, -16.6042, -1.22235, -0.781003
9.90013, -16.6165, -1.23016, -0.788578
9.91013, -16.6288, -1.23805, -0.796084
9.92013, -16.6411, -1.24601, -0.803515
9.93013, -16.6536, -1.25404, -0.81087
9.94013, -16.6661, -1.26215, -0.818145
9.95013, -16.6788, -1.27033, -0.825337
9.96013, -16.6915, -1.27859, -0.832443
9.97013, -16.7043, -1.28691, -0.839459
9.98013, -16.7171, -1.29531, -0.846383
9.99013, -16.7301, -1.30377, -0.85321
10.0001, -16.7431, -1.3123, -0.859938
10.0101, -16.7562, -1.3209, -0.866561
10.0201, -16.7694, -1.32957, -0.873077
10.0301, -16.7827, -1.3383, -0.879483
10.0401, -16.7961, -1.34709, -0.885774
10.0501, -16.8096, -1.35595, -0.891945
10.0601, -16.8232, -1.36487, -0.897994
10.0701, -16.8368, -1.37385, -0.903916
10.0801, -16.8505, -1.38289, -0.909707
10.0901, -16.8644, -1.39199, -0.915362
10.1001, -16.8783, -1.40114, -0.920877
10.1101, -16.8923, -1.41035, -0.926249
10.1201, -16.9064, -1.41961, -0.931472
10.1301, -16.9206, -1.42893, -0.936543
10.1401, -16.9349, -1.43829, -0.941457
10.1501, -16.9493, -1.44771, -0.946208
10.1601, -16.9637, -1.45717, -0.950793
10.1701, -16.9783, -1.46668, -0.955207
10.1801, -16.993, -1.47623, -0.959445
10.1901, -17.0078, -1.48582, -0.963502
10.2001, -17.0226, -1.49546, -0.967373
10.2101, -17.0376, -1.50513, -0.971053
10.2201, -17.0526, -1.51484, -0.974538
10.2301, -17.0678, -1.52459, -0.977823
10.2401, -17.083, -1.53437, -0.980902
10.2501, -17.0984, -1.54417, -0.983771
10.2601, -17.1138, -1.55401, -0.986424
10.2701, -17.1293, -1.56388, -0.988857
10.2801, -17.145, -1.57376, -0.991064
10.2901, -17.1607, -1.58368, -0.99304
10.3001, -17.1765, -1.59361, -0.994781
10.3101, -17.1925, -1.60355, -0.99628
10.3201, -17.2085, -1.61352, -0.997534
10.3301, -17.2247, -1.62349, -0.998537
10.3401, -17.2409, -1.63348, -0.999283
10.3501, -17.2572, -1.64347, -0.999768
10.3601, -17.2737, -1.65347, -0.999987
10.3701, -17.2902, -1.66347, -0.999935
10.3801, -17.3068, -1.67347, -0.999606
10.3901, -17.3236, -1.68346, -0.998997
10.4001, -17.3404, -1.69345, -0.998101
10.4101, -17.3573, -1.70343, -0.996915
10.4201, -17.3744, -1.7134, -0.995433
10.4301, -17.3915, -1.72336, -0.993652
10.4401, -17.4087, -1.73329, -0.991566
10.4501, -17.4261, -1.74321, -0.98917
10.4601, -17.4435, -1.7531, -0.986462
10.4701, -17.461, -1.76297, -0.983436
10.4801, -17.4787, -1.7728, -0.980087
10.4901, -17.4964, -1.7826, -0.976413
10.5001, -17.5142, -1.79237, -0.972409
10.5101, -17.5321, -1.80209, -0.968072
10.5201, -17.5502, -1.81177, -0.963398
10.5301, -17.5683, -1.8214, -0.958383
10.5401, -17.5865, -1.83099, -0.953025
10.5501, -17.6048, -1.84052, -0.947319
10.5601, -17.6232, -1.84999, -0.941264
10.5701, -17.6417, -1.8594, -0.934857
10.5801, -17.6603, -1.86875, -0.928094
10.5901, -17.679, -1.87803, -0.920974
10.6001, -17.6978, -1.88724, -0.913495
10.6101, -17.7166, -1.89638, -0.905654
10.6201, -17.7356, -1.90543, -0.897451
10.6301, -17.7547, -1.91441, -0.888883
10.6401, -17.7738, -1.9233, -0.87995
10.6501, -17.793, -1.9321, -0.870651
10.6601, -17.8124, -1.9408, -0.860985
10.6701, -17.8318, -1.94941, -0.850952
10.6801, -17.8513, -1.95792, -0.840552
10.6901, -17.8708, -1.96633, -0.829785
10.7001, -17.8905, -1.97463, -0.818651
10.7101, -17.9102, -1.98281, -0.807152
10.7201, -17.9301, -1.99089, -0.795288
10.7302, -17.95, -1.99884, -0.783062
10.7402, -17.97, -2.00667, -0.770475
10.7502, -17.99, -2.01437, -0.757528
10.7602, -18.0102, -2.02195, -0.744226
10.7702, -18.0304, -2.02939, -0.730569
10.7802, -18.0507, -2.0367, -0.716562
10.7902, -18.0711, -2.04386, -0.702208
10.8002, -18.0915, -2.05088, -0.68751
10.8102, -18.112, -2.05776, -0.672473
10.8202, -18.1326, -2.06448, -0.657101
10.8302, -18.1532, -2.07106, -0.6414
10.8402, -18.1739, -2.07747, -0.625375
10.8502, -18.1947, -2.08372, -0.60903
10.8602, -18.2156, -2.08981, -0.592371
10.8702, -18.2365, -2.09574, -0.575406
10.8802, -18.2574, -2.10149, -0.55814
10.8902, -18.2784, -2.10707, -0.54058
10.9002, -18.2995, -2.11248, -0.522735
10.9102, -18.3206, -2.11771, -0.504612
10.9202, -18.3418, -2.12275, -0.486217
10.9302, -18.363, -2.12761, -0.46756
10.9402, -18.3843, -2.13229, -0.448648
10.9502, -18.4056, -2.13678, -0.429491
10.9602, -18.427, -2.14107, -0.410098
10.9702, -18.4484, -2.14517, -0.390479
10.9802, -18.4699, -2.14908, -0.370642
10.9902, -18.4913, -2.15278, -0.350598
11.0002, -18.5129, -2.15629, -0.330357
11.0102, -18.5344, -2.15959, -0.309929
11.0202, -18.556, -2.16269, -0.289327
11.0302, -18.5777, -2.16559, -0.268559
11.0402, -18.5993, -2.16827, -0.247637
11.0502, -18.621, -2.17075, -0.226573
11.0602, -18.6427, -2.17301, -0.205378
11.0702, -18.6644, -2.17507, -0.184064
11.0802, -18.6862, -2.17691, -0.162642
11.0902, -18.708, -2.17853, -0.141127
11.1002, -18.7297, -2.17994, -0.119527
11.1102, -18.7515, -2.18114, -0.0978579
11.1202, -18.7734, -2.18212, -0.0761305
11.1302, -18.7952, -2.18288, -0.0543555
11.1402, -18.817, -2.18342, -0.0325469
11.1502, -18.8388, -2.18375, -0.010719
11.1602, -18.8607, -2.18386, 0.0111178
11.1702, -18.8825, -2.18374, 0.0329512
11.1802, -18.9044, -2.18342, 0.0547669
11.1902, -18.9262, -2.18287, 0.0765528
11.2002, -18.948, -2.1821, 0.0982984
11.2102, -18.9698, -2.18112, 0.119988
11.2202, -18.9916, -2.17992, 0.14161
11.2302, -19.0134, -2.1785, 0.163154
11.2402, -19.0352, -2.17687, 0.184608
11.2502, -19.057, -2.17503, 0.205957
11.2602, -19.0787, -2.17297, 0.22719
11.2702, -19.1005, -2.17069, 0.248297
11.2802, -19.1222, -2.16821, 0.269264
11.2902, -19.1439, -2.16552, 0.290081
11.3002, -19.1655, -2.16262, 0.310736
11.3102, -19.1871, -2.15951, 0.331217
11.3202, -19.2087, -2.1562, 0.351514
11.3302, -19.2303, -2.15268, 0.371618
11.3402, -19.2518, -2.14897, 0.391515
11.3502, -19.2733, -2.14505, 0.411197
11.3602, -19.2948, -2.14094, 0.430654
11.3702, -19.3162, -2.13663, 0.449877
11.3802, -19.3375, -2.13213, 0.468854
11.3902, -19.3589, -2.12745, 0.48758
11.4002, -19.3801, -2.12257, 0.506042
11.4102, -19.4014, -2.11751, 0.524234
11.4202, -19.4225, -2.11227, 0.542147
11.4302, -19.4437, -2.10685, 0.559774
11.4402, -19.4647, -2.10125, 0.577106
11.4502, -19.4858, -2.09548, 0.594139
11.4602, -19.5067, -2.08954, 0.610862
11.4702, -19.5276, -2.08343, 0.62727
11.4802, -19.5484, -2.07715, 0.643359
11.4902, -19.5692, -2.07072, 0.65912
11.5002, -19.5899, -2.06413, 0.674551
11.5102, -19.6106, -2.05738, 0.689644
11.5202, -19.6311, -2.05049, 0.704396
11.5302, -19.6516, -2.04344, 0.718801
11.5402, -19.6721, -2.03626, 0.732857
11.5502, -19.6924, -2.02893, 0.746559
11.5602, -19.7127, -2.02146, 0.759902
11.5702, -19.7329, -2.01386, 0.772886
11.5802, -19.7531, -2.00613, 0.785507
11.5902, -19.7731, -1.99828, 0.797763
11.6002, -19.7931, -1.9903, 0.809652
11.6102, -19.813, -1.9822, 0.821173
11.6202, -19.8328, -1.97399, 0.832322
11.6302, -19.8526, -1.96567, 0.843101
11.6402, -19.8722, -1.95724, 0.853508
11.6502, -19.8918, -1.9487, 0.863543
11.6602, -19.9113, -1.94007, 0.873205
11.6702, -19.9307, -1.93134, 0.882496
11.6802, -19.95, -1.92251, 0.891414
11.6902, -19.9692, -1.9136, 0.899961
11.7002, -19.9884, -1.9046, 0.908139
11.7102, -20.0074, -1.89552, 0.915948
11.7202, -20.0264, -1.88636, 0.92339
11.7302, -20.0452, -1.87712, 0.930466
11.7402, -20.064, -1.86782, 0.937179
11.7502, -20.0827, -1.85845, 0.943531
11.7602, -20.1013, -1.84901, 0.949525
11.7702, -20.1198, -1.83952, 0.955163
11.7802, -20.1382, -1.82996, 0.960447
11.7902, -20.1565, -1.82036, 0.965382
11.8002, -20.1747, -1.81071, 0.96997
11.8102, -20.1928, -1.80101, 0.974214
11.8202, -20.2108, -1.79126, 0.978119
11.8302, -20.2287, -1.78148, 0.981689
11.8402, -20.2465, -1.77167, 0.984926
11.8502, -20.2642, -1.76182, 0.987836
11.8602, -20.2818, -1.75194, 0.990422
11.8702, -20.2994, -1.74203, 0.992689
11.8802, -20.3168, -1.73211, 0.994641
11.8902, -20.3341, -1.72216, 0.996282
11.9002, -20.3513, -1.7122, 0.997618
11.9102, -20.3684, -1.70222, 0.998653
11.9202, -20.3855, -1.69223, 0.999391
11.9302, -20.4024, -1.68224, 0.999839
11.9402, -20.4192, -1.67224, 0.999999
11.9502, -20.4359, -1.66224, 0.999879
11.9602, -20.4526, -1.65224, 0.999482
11.9702, -20.4691, -1.64225, 0.998813
11.9802, -20.4855, -1.63226, 0.997879
11.9902, -20.5018, -1.62228, 0.996683
12.0002, -20.518, -1.61231, 0.995232
12.0102, -20.5342, -1.60236, 0.99353
12.0202, -20.5502, -1.59243, 0.991583
12.0302, -20.5661, -1.58251, 0.989395
12.0402, -20.5819, -1.57262, 0.986973
12.0502, -20.5977, -1.56275, 0.984321
12.0602, -20.6133, -1.5529, 0.981444
12.0702, -20.6288, -1.54309, 0.978348
12.0802, -20.6443, -1.53331, 0.975038
12.0902, -20.6596, -1.52356, 0.971519
12.1002, -20.6748, -1.51384, 0.967796
12.1102, -20.69, -1.50416, 0.963875
12.1202, -20.705, -1.49452, 0.95976
12.1302, -20.7199, -1.48493, 0.955455
12.1402, -20.7348, -1.47537, 0.950968
12.1502, -20.7496, -1.46586, 0.946301
12.1602, -20.7642, -1.4564, 0.941461
12.1702, -20.7788, -1.44698, 0.936452
12.1802, -20.7932, -1.43762, 0.931278
12.1902, -20.8076, -1.42831, 0.925945
12.2002, -20.8219, -1.41905, 0.920457
12.2102, -20.8361, -1.40984, 0.914818
12.2202, -20.8502, -1.4007, 0.909033
12.2302, -20.8642, -1.39161, 0.903107
12.2402, -20.8781, -1.38257, 0.897044
12.2502, -20.8919, -1.3736, 0.890848
12.2602, -20.9057, -1.3647, 0.884523
12.2702, -20.9193, -1.35585, 0.878075
12.2802, -20.9329, -1.34707, 0.871506
12.2902, -20.9464, -1.33835, 0.86482
12.3002, -20.9597, -1.32971, 0.858023
12.3102, -20.973, -1.32113, 0.851119
12.3202, -20.9862, -1.31261, 0.844109
12.3302, -20.9994, -1.30417, 0.836998
12.3402, -21.0124, -1.2958, 0.82979
12.3502, -21.0254, -1.28751, 0.822489
12.3602, -21.0382, -1.27928, 0.815098
12.3702, -21.051, -1.27113, 0.807621
12.3802, -21.0638, -1.26305, 0.80006
12.3902, -21.0764, -1.25505, 0.792419
12.4002, -21.0889, -1.24713, 0.784702
12.4102, -21.1014, -1.23928, 0.77691
12.4202, -21.1138, -1.23151, 0.769048
12.4302, -21.1261, -1.22382, 0.761118
12.4402, -21.1384, -1.21621, 0.753124
12.4502, -21.1505, -1.20868, 0.745067
12.4602, -21.1626, -1.20123, 0.736951
12.4702, -21.1746, -1.19386, 0.728779
12.4802, -21.1866, -1.18657, 0.720552
12.4902, -21.1984, -1.17937, 0.712274
12.5002, -21.2102, -1.17224, 0.703947
12.5102, -21.2219, -1.1652, 0.695573
12.5202, -21.2336, -1.15825, 0.687155
12.5302, -21.2452, -1.15138, 0.678693
12.5402, -21.2567, -1.14459, 0.670192
12.5502, -21.2681, -1.13789, 0.661653
12.5602, -21.2795, -1.13127, 0.653078
12.5702, -21.2908, -1.12474, 0.64447
12.5802, -21.3021, -1.1183, 0.635829
12.5902, -21.3132, -1.11194, 0.627158
12.6002, -21.3244, -1.10567, 0.618458
12.6102, -21.3354, -1.09948, 0.609732
12.6202, -21.3464, -1.09338, 0.600981
12.6302, -21.3574, -1.08737, 0.592207
12.6402, -21.3682, -1.08145, 0.583411
12.6502, -21.379, -1.07562, 0.574593
12.6602, -21.3898, -1.06987, 0.565757
12.6702, -21.4005, -1.06421, 0.556904
12.6802, -21.4111, -1.05865, 0.548032
12.6902, -21.4217, -1.05317, 0.539147
12.7002, -21.4323, -1.04777, 0.530247
12.7102, -21.4427, -1.04247, 0.521335
12.7202, -21.4532, -1.03726, 0.51241
12.7302, -21.4635, -1.03213, 0.503476
12.7402, -21.4739, -1.0271, 0.494532
12.7502, -21.4841, -1.02215, 0.485579
12.7602, -21.4943, -1.0173, 0.476618
12.7702, -21.5045, -1.01253, 0.46765
12.7802, -21.5146, -1.00786, 0.458675
12.7902, -21.5247, -1.00327, 0.449697
12.8002, -21.5348, -0.998772, 0.440713
12.8102, -21.5447, -0.994365, 0.431727
12.8202, -21.5547, -0.990048, 0.422737
12.8302, -21.5646, -0.98582, 0.413743
12.8402, -21.5744, -0.981683, 0.404748
12.8502, -21.5843, -0.977635, 0.395751
12.8602, -21.594, -0.973678, 0.386754
12.8702, -21.6038, -0.96981, 0.377756
12.8802, -21.6135, -0.966033, 0.368758
12.8902, -21.6231, -0.962345, 0.359761
12.9002, -21.6328, -0.958748, 0.350767
12.9102, -21.6423, -0.95524, 0.341771
12.9202, -21.6519, -0.951822, 0.332779
12.9302, -21.6614, -0.948494, 0.323789
12.9402, -21.6709, -0.945256, 0.3148
12.9502, -21.6804, -0.942108, 0.305814
12.9602, -21.6898, -0.93905, 0.296832
12.9702, -21.6992, -0.936082, 0.287852
12.9802, -21.7085, -0.933203, 0.278875
12.9902, -21.7179, -0.930415, 0.2699
13.0002, -21.7272, -0.927716, 0.26093
13.0102, -21.7364, -0.925106, 0.251963
13.0202, -21.7457, -0.922587, 0.243
13.0302, -21.7549, -0.920157, 0.23404
13.0402, -21.7641, -0.917816, 0.225085
13.0502, -21.7733, -0.915566, 0.216133
13.0602, -21.7825, -0.913404, 0.207185
13.0702, -21.7916, -0.911332, 0.198241
13.0802, -21.8007, -0.90935, 0.1893
13.0902, -21.8098, -0.907457, 0.180363
13.1002, -21.8189, -0.905653, 0.171429
13.1102, -21.8279, -0.903939, 0.1625
13.1202, -21.837, -0.902314, 0.153575
13.1302, -21.846, -0.900778, 0.144652
13.1402, -21.855, -0.899332, 0.135733
13.1502, -21.864, -0.897974, 0.126817
13.1602, -21.873, -0.896706, 0.117905
13.1702, -21.8819, -0.895527, 0.108996
13.1802, -21.8909, -0.894437, 0.100091
13.1902, -21.8998, -0.893436, 0.091188
13.2002, -21.9088, -0.892524, 0.0822877
13.2102, -21.9177, -0.891702, 0.0733903
13.2202, -21.9266, -0.890968, 0.0644947
13.2302, -21.9355, -0.890323, 0.0556016
13.2402, -21.9444, -0.889767, 0.0467098
13.2502, -21.9533, -0.8893, 0.03782
13.2602, -21.9622, -0.888921, 0.0289329
13.2702, -21.9711, -0.888632, 0.0200455
13.2802, -21.98, -0.888432, 0.0111602
13.2902, -21.9889, -0.88832, 0.00227605
13.3002, -21.9978, -0.888297, -0.00660643
13.3102, -22.0066, -0.888363, -0.0154884
13.3202, -22.0155, -0.888518, -0.024371
13.3302, -22.0244, -0.888762, -0.0332517
13.3402, -22.0333, -0.889095, -0.0421336
13.3502, -22.0422, -0.889516, -0.0510141
13.3602, -22.0511, -0.890026, -0.0598963
13.3702, -22.06, -0.890625, -0.0687775
13.3802, -22.0689, -0.891313, -0.077659
13.3902, -22.0778, -0.892089, -0.0865419
13.4002, -22.0867, -0.892955, -0.0954255
13.4102, -22.0956, -0.893909, -0.104311
13.4202, -22.1046, -0.894952, -0.113198
13.4302, -22.1135, -0.896084, -0.122085
13.4402, -22.1225, -0.897305, -0.130974
13.4502, -22.1315, -0.898615, -0.139863
13.4602, -22.1405, -0.900013, -0.148754
13.4702, -22.1495, -0.901501, -0.157649
13.4802, -22.1585, -0.903077, -0.166544
13.4902, -22.1675, -0.904743, -0.175442
13.5002, -22.1765, -0.906497, -0.184341
13.5102, -22.1856, -0.908341, -0.193244
13.5202, -22.1947, -0.910273, -0.202147
13.5302, -22.2038, -0.912294, -0.211053
13.5402, -22.2129, -0.914405, -0.219961
13.5502, -22.2221, -0.916605, -0.228872
13.5602, -22.2312, -0.918893, -0.237785
13.5702, -22.2404, -0.921271, -0.246701
13.5802, -22.2496, -0.923738, -0.255618
13.5902, -22.2589, -0.926294, -0.264538
13.6002, -22.2681, -0.92894, -0.273458
13.6102, -22.2774, -0.931674, -0.282381
13.6202, -22.2867, -0.934498, -0.291307
13.6302, -22.2961, -0.937411, -0.300233
13.6402, -22.3055, -0.940414, -0.309162
13.6502, -22.3149, -0.943505, -0.31809
13.6602, -22.3243, -0.946686, -0.327022
13.6702, -22.3338, -0.949956, -0.335953
13.6802, -22.3433, -0.953316, -0.344886
13.6902, -22.3528, -0.956765, -0.353818
13.7002, -22.3624, -0.960303, -0.36275
13.7102, -22.372, -0.96393, -0.371682
13.7202, -22.3816, -0.967647, -0.380614
13.7302, -22.3913, -0.971453, -0.389544
13.7402, -22.401, -0.975349, -0.398472
13.7502, -22.4108, -0.979334, -0.407399
13.7602, -22.4205, -0.983407, -0.416324
13.7702, -22.4304, -0.987571, -0.425246
13.7802, -22.4403, -0.991823, -0.434163
13.7902, -22.4502, -0.996165, -0.443077
13.8002, -22.4601, -1.0006, -0.451985
13.8102, -22.4701, -1.00512, -0.460888
13.8202, -22.4802, -1.00972, -0.469785
13.8302, -22.4903, -1.01442, -0.478675
13.8402, -22.5004, -1.01921, -0.487556
13.8502, -22.5106, -1.02408, -0.49643
13.8602, -22.5209, -1.02905, -0.505293
13.8702, -22.5312, -1.0341, -0.514146
13.8802, -22.5415, -1.03924, -0.522988
13.8902, -22.5519, -1.04447, -0.531819
13.9002, -22.5623, -1.04979, -0.540635
13.9102, -22.5728, -1.0552, -0.549436
13.9202, -22.5834, -1.06069, -0.558222
13.9302, -22.594, -1.06627, -0.56699
13.9402, -22.6047, -1.07194, -0.575741
13.9502, -22.6154, -1.0777, -0.584472
13.9602, -22.6262, -1.08355, -0.593182
13.9702, -22.637, -1.08948, -0.60187
13.9802, -22.6479, -1.0955, -0.610535
13.9902, -22.6588, -1.1016, -0.619175
14.0002, -22.6699, -1.10779, -0.627788
14.0102, -22.6809, -1.11407, -0.636372
14.0202, -22.6921, -1.12044, -0.644927
14.0302, -22.7033, -1.12688, -0.653448
14.0402, -22.7145, -1.13342, -0.661937
14.0502, -22.7259, -1.14004, -0.670389
14.0602, -22.7373, -1.14674, -0.678804
14.0702, -22.7487, -1.15353, -0.68718
14.0802, -22.7603, -1.1604, -0.695515
14.0902, -22.7719, -1.16736, -0.703805
14.1002, -22.7836, -1.1744, -0.71205
14.1102, -22.7953, -1.18152, -0.720246
14.1202, -22.8071, -1.18872, -0.728392
14.1302, -22.819, -1.196, -0.736485
14.1402, -22.831, -1.20337, -0.744522
14.1502, -22.843, -1.21081, -0.752501
14.1602, -22.8551, -1.21834, -0.76042
14.1702, -22.8673, -1.22594, -0.768276
14.1802, -22.8796, -1.23362, -0.776065
14.1902, -22.8919, -1.24138, -0.783786
14.2002, -22.9043, -1.24922, -0.791434
14.2102, -22.9168, -1.25714, -0.799009
14.2202, -22.9294, -1.26513, -0.806505
14.2302, -22.942, -1.27319, -0.81392
14.2402, -22.9547, -1.28133, -0.821251
14.2502, -22.9676, -1.28954, -0.828494
14.2602, -22.9805, -1.29783, -0.835647
14.2702, -22.9934, -1.30619, -0.842704
14.2802, -23.0065, -1.31461, -0.849664
14.2902, -23.0196, -1.32311, -0.856522
14.3002, -23.0329, -1.33167, -0.863276
14.3102, -23.0462, -1.34031, -0.869921
14.3202, -23.0596, -1.34901, -0.876453
14.3302, -23.0731, -1.35777, -0.882868
14.3402, -23.0867, -1.3666, -0.889163
14.3502, -23.1003, -1.37549, -0.895334
14.3602, -23.1141, -1.38444, -0.901376
14.3702, -23.1279, -1.39346, -0.907284
14.3802, -23.1419, -1.40253, -0.913055
14.3902, -23.1559, -1.41166, -0.918685
14.4002, -23.17, -1.42085, -0.924169
14.4102, -23.1842, -1.43009, -0.929503
14.4202, -23.1985, -1.43939, -0.934682
14.4302, -23.2129, -1.44873, -0.939702
14.4402, -23.2274, -1.45813, -0.944559
14.4502, -23.242, -1.46757, -0.949246
14.4602, -23.2567, -1.47707, -0.953759
14.4702, -23.2714, -1.4866, -0.958095
14.4802, -23.2863, -1.49619, -0.962247
14.4902, -23.3013, -1.50581, -0.966211
14.5002, -23.3163, -1.51547, -0.969983
14.5102, -23.3315, -1.52517, -0.973556
14.5202, -23.3467, -1.53491, -0.976927
14.5302, -23.3621, -1.54467, -0.98009
14.5402, -23.3775, -1.55448, -0.98304
14.5502, -23.3931, -1.56431, -0.985772
14.5602, -23.4087, -1.57416, -0.988281
14.5702, -23.4244, -1.58405, -0.990561
14.5802, -23.4403, -1.59395, -0.992608
14.5902, -23.4562, -1.60388, -0.994416
14.6002, -23.4723, -1.61382, -0.995981
14.6102, -23.4884, -1.62378, -0.997296
14.6202, -23.5046, -1.63376, -0.998358
14.6302, -23.521, -1.64374, -0.999161
14.6402, -23.5374, -1.65373, -0.999699
14.6502, -23.5539, -1.66373, -0.999968
14.6602, -23.5706, -1.67373, -0.999963
14.6702, -23.5873, -1.68373, -0.999678
14.6802, -23.6042, -1.69372, -0.999109
14.6902, -23.6211, -1.70371, -0.998251
14.7002, -23.6381, -1.7137, -0.997099
14.7102, -23.6553, -1.72367, -0.995648
14.7202, -23.6725, -1.73362, -0.993894
14.7302, -23.6898, -1.74356, -0.991832
14.7402, -23.7073, -1.75348, -0.989458
14.7502, -23.7248, -1.76338, -0.986767
14.7602, -23.7424, -1.77324, -0.983754
14.7702, -23.7602, -1.78308, -0.980416
14.7802, -23.778, -1.79289, -0.976749
14.7902, -23.7959, -1.80265, -0.972749
14.8002, -23.814, -1.81238, -0.968411
14.8102, -23.8321, -1.82206, -0.963733
14.8202, -23.8503, -1.8317, -0.958711
14.8302, -23.8686, -1.84129, -0.953341
14.8402, -23.887, -1.85082, -0.947621
14.8502, -23.9055, -1.8603, -0.941548
14.8602, -23.9241, -1.86971, -0.935118
14.8702, -23.9428, -1.87907, -0.92833
14.8802, -23.9616, -1.88835, -0.921181
14.8902, -23.9805, -1.89756, -0.913669
14.9002, -23.9995, -1.9067, -0.905792
14.9102, -24.0186, -1.91576, -0.897548
14.9202, -24.0377, -1.92473, -0.888937
14.9302, -24.057, -1.93362, -0.879957
14.9402, -24.0763, -1.94242, -0.870608
14.9502, -24.0957, -1.95113, -0.860887
14.9602, -24.1152, -1.95973, -0.850797
14.9702, -24.1348, -1.96824, -0.840335
14.9802, -24.1545, -1.97665, -0.829504
14.9902, -24.1743, -1.98494, -0.818304
15.0002, -24.1941, -1.99312, -0.806734
15.0102, -24.2141, -2.00119, -0.794796
15.0202, -24.2341, -2.00914, -0.782493
15.0302, -24.2542, -2.01696, -0.769826
15.0402, -24.2743, -2.02466, -0.756796
15.0502, -24.2946, -2.03223, -0.743408
15.0602, -24.3149, -2.03966, -0.729663
15.0702, -24.3353, -2.04696, -0.715564
15.0802, -24.3558, -2.05412, -0.701116
15.0903, -24.3763, -2.06113, -0.686323
15.1003, -24.3969, -2.06799, -0.671188
15.1103, -24.4176, -2.0747, -0.655716
15.1203, -24.4384, -2.08126, -0.639913
15.1303, -24.4592, -2.08766, -0.623782
15.1403, -24.48, -2.0939, -0.60733
15.1503, -24.501, -2.09997, -0.590564
15.1603, -24.522, -2.10588, -0.573488
15.1703, -24.543, -2.11161, -0.55611
15.1803, -24.5642, -2.11717, -0.538438
15.1903, -24.5853, -2.12256, -0.520478
15.2003, -24.6066, -2.12776, -0.502238
15.2103, -24.6278, -2.13278, -0.483726
15.2203, -24.6492, -2.13762, -0.464951
15.2303, -24.6705, -2.14227, -0.445921
15.2403, -24.692, -2.14673, -0.426645
15.2503, -24.7134, -2.151, -0.407133
15.2603, -24.7349, -2.15507, -0.387394
15.2703, -24.7565, -2.15894, -0.367438
15.2803, -24.7781, -2.16261, -0.347275
15.2903, -24.7997, -2.16609, -0.326915
15.3003, -24.8214, -2.16936, -0.306369
15.3103, -24.8431, -2.17242, -0.285647
15.3203, -24.8648, -2.17528, -0.264762
15.3303, -24.8865, -2.17792, -0.243724
15.3403, -24.9083, -2.18036, -0.222545
15.3503, -24.9301, -2.18259, -0.201237
15.3603, -24.9519, -2.1846, -0.179812
15.3703, -24.9738, -2.1864, -0.15828
15.3803, -24.9957, -2.18798, -0.136655
15.3903, -25.0175, -2.18935, -0.11495
15.4003, -25.0394, -2.1905, -0.0931772
15.4103, -25.0613, -2.19143, -0.071346
15.4203, -25.0832, -2.19214, -0.0494729
15.4303, -25.1052, -2.19264, -0.0275684
15.4403, -25.1271, -2.19291, -0.00564502
15.4503, -25.149, -2.19297, 0.016283
15.4603, -25.171, -2.19281, 0.0382032
15.4703, -25.1929, -2.19242, 0.0601051
15.4803, -25.2148, -2.19182, 0.0819742
15.4903, -25.2367, -2.191, 0.103796
15.5003, -25.2586, -2.18997, 0.125561
15.5103, -25.2805, -2.18871, 0.147256
15.5203, -25.3024, -2.18724, 0.168867
15.5303, -25.3243, -2.18555, 0.190383
15.5403, -25.3461, -2.18364, 0.211792
15.5503, -25.368, -2.18153, 0.233082
15.5603, -25.3898, -2.1792, 0.254238
15.5703, -25.4116, -2.17665, 0.275251
15.5803, -25.4334, -2.1739, 0.29611
15.5903, -25.4551, -2.17094, 0.316804
15.6003, -25.4768, -2.16777, 0.337319
15.6103, -25.4985, -2.1644, 0.357644
15.6203, -25.5201, -2.16082, 0.377772
15.6303, -25.5417, -2.15704, 0.39769
15.6403, -25.5633, -2.15307, 0.417387
15.6503, -25.5848, -2.14889, 0.436853
15.6603, -25.6063, -2.14453, 0.45608
15.6703, -25.6278, -2.13996, 0.475058
15.6803, -25.6492, -2.13521, 0.493779
15.6903, -25.6705, -2.13028, 0.512233
15.7003, -25.6918, -2.12515, 0.530412
15.7103, -25.7131, -2.11985, 0.548307
15.7203, -25.7343, -2.11437, 0.56591
15.7303, -25.7554, -2.10871, 0.583214
15.7403, -25.7765, -2.10287, 0.600213
15.7503, -25.7975, -2.09687, 0.616898
15.7603, -25.8185, -2.0907, 0.633265
15.7703, -25.8394, -2.08437, 0.649306
15.7803, -25.8603, -2.07788, 0.665016
15.7903, -25.881, -2.07123, 0.680389
15.8003, -25.9017, -2.06442, 0.695421
15.8103, -25.9224, -2.05747, 0.710107
15.8203, -25.943, -2.05037, 0.724442
15.8303, -25.9635, -2.04312, 0.738423
15.8403, -25.9839, -2.03574, 0.752046
15.8503, -26.0043, -2.02822, 0.765307
15.8603, -26.0245, -2.02057, 0.778204
15.8703, -26.0447, -2.01278, 0.790734
15.8803, -26.0649, -2.00488, 0.802895
15.8903, -26.0849, -1.99685, 0.814684
15.9003, -26.1049, -1.9887, 0.8261
15.9103, -26.1248, -1.98044, 0.837143
15.9203, -26.1446, -1.97207, 0.847811
15.9303, -26.1643, -1.96359, 0.858103
15.9403, -26.1839, -1.95501, 0.86802
15.9503, -26.2035, -1.94633, 0.87756
15.9603, -26.223, -1.93755, 0.886725
15.9703, -26.2423, -1.92869, 0.895515
15.9803, -26.2616, -1.91973, 0.903931
15.9903, -26.2808, -1.91069, 0.911975
16.0003, -26.2999, -1.90157, 0.919647
16.0103, -26.3189, -1.89238, 0.926948
16.0203, -26.3379, -1.88311, 0.933882
16.0303, -26.3567, -1.87377, 0.940449
16.0403, -26.3754, -1.86436, 0.946654
16.0503, -26.3941, -1.8549, 0.952497
16.0603, -26.4126, -1.84537, 0.957982
16.0703, -26.4311, -1.83579, 0.963111
16.0803, -26.4494, -1.82616, 0.967889
16.0903, -26.4677, -1.81648, 0.972318
16.1003, -26.4859, -1.80676, 0.976402
16.1103, -26.5039, -1.79699, 0.980144
16.1203, -26.5219, -1.78719, 0.983549
16.1303, -26.5398, -1.77736, 0.98662
16.1403, -26.5575, -1.76749, 0.989362
16.1503, -26.5752, -1.7576, 0.991778
16.1603, -26.5928, -1.74768, 0.993874
16.1703, -26.6103, -1.73774, 0.995654
16.1803, -26.6276, -1.72778, 0.997122
16.1903, -26.6449, -1.71781, 0.998283
16.2003, -26.6621, -1.70783, 0.999142
16.2103, -26.6792, -1.69784, 0.999703
16.2203, -26.6962, -1.68784, 0.999973
16.2303, -26.713, -1.67784, 0.999955
16.2403, -26.7298, -1.66784, 0.999655
16.2503, -26.7465, -1.65785, 0.999077
16.2603, -26.7631, -1.64786, 0.998228
16.2703, -26.7796, -1.63787, 0.997112
16.2803, -26.7959, -1.6279, 0.995734
16.2903, -26.8122, -1.61794, 0.994101
16.3003, -26.8284, -1.608, 0.992216
16.3103, -26.8445, -1.59808, 0.990085
16.3203, -26.8605, -1.58818, 0.987713
16.3303, -26.8763, -1.5783, 0.985107
16.3403, -26.8921, -1.56845, 0.982271
16.3503, -26.9078, -1.55863, 0.97921
16.3603, -26.9234, -1.54884, 0.975929
16.3703, -26.9389, -1.53908, 0.972434
16.3803, -26.9543, -1.52935, 0.968731
16.3903, -26.9696, -1.51967, 0.964823
16.4003, -26.9848, -1.51002, 0.960717
16.4103, -26.9999, -1.50041, 0.956417
16.4203, -27.0149, -1.49085, 0.951928
16.4303, -27.0298, -1.48133, 0.947256
16.4403, -27.0446, -1.47186, 0.942405
16.4503, -27.0593, -1.46243, 0.93738
16.4603, -27.0739, -1.45306, 0.932186
16.4703, -27.0885, -1.44374, 0.926829
16.4803, -27.1029, -1.43447, 0.921311
16.4903, -27.1172, -1.42525, 0.915639
16.5003, -27.1315, -1.4161, 0.909817
16.5103, -27.1457, -1.407, 0.903849
16.5203, -27.1597, -1.39796, 0.89774
16.5303, -27.1737, -1.38898, 0.891495
16.5403, -27.1876, -1.38007, 0.885116
16.5503, -27.2014, -1.37122, 0.87861
16.5603, -27.2151, -1.36243, 0.871979
16.5703, -27.2287, -1.35371, 0.865229
16.5803, -27.2423, -1.34506, 0.858363
16.5903, -27.2557, -1.33648, 0.851385
16.6003, -27.2691, -1.32796, 0.844298
16.6103, -27.2824, -1.31952, 0.837108
16.6203, -27.2956, -1.31115, 0.829818
16.6303, -27.3087, -1.30285, 0.82243
16.6403, -27.3217, -1.29463, 0.814949
16.6503, -27.3346, -1.28648, 0.807377
16.6603, -27.3475, -1.2784, 0.79972
16.6703, -27.3603, -1.27041, 0.791979
16.6803, -27.373, -1.26249, 0.784158
16.6903, -27.3856, -1.25464, 0.776262
16.7003, -27.3982, -1.24688, 0.768291
16.7103, -27.4106, -1.2392, 0.760251
16.7203, -27.423, -1.2316, 0.752142
16.7303, -27.4353, -1.22407, 0.743969
16.7403, -27.4476, -1.21663, 0.735734
16.7503, -27.4598, -1.20928, 0.727439
16.7603, -27.4718, -1.202, 0.719089
16.7703, -27.4839, -1.19481, 0.710684
16.7803, -27.4958, -1.18771, 0.702228
16.7903, -27.5077, -1.18068, 0.693723
16.8003, -27.5195, -1.17375, 0.685171
16.8103, -27.5312, -1.16689, 0.676575
16.8203, -27.5429, -1.16013, 0.667936
16.8303, -27.5545, -1.15345, 0.659258
16.8403, -27.566, -1.14686, 0.650542
16.8503, -27.5775, -1.14035, 0.641789
16.8603, -27.5889, -1.13393, 0.633002
16.8703, -27.6002, -1.1276, 0.624183
16.8803, -27.6115, -1.12136, 0.615334
16.8903, -27.6227, -1.11521, 0.606456
16.9003, -27.6339, -1.10914, 0.597551
16.9103, -27.645, -1.10317, 0.588621
16.9203, -27.656, -1.09728, 0.579667
16.9303, -27.667, -1.09148, 0.570691
16.9403, -27.6779, -1.08578, 0.561694
16.9503, -27.6888, -1.08016, 0.552677
16.9603, -27.6996, -1.07463, 0.543643
16.9703, -27.7103, -1.0692, 0.534593
16.9803, -27.721, -1.06385, 0.525526
16.9903, -27.7316, -1.0586, 0.516445
17.0003, -27.7422, -1.05343, 0.507351
17.0103, -27.7528, -1.04836, 0.498245
17.0203, -27.7632, -1.04338, 0.489129
17.0303, -27.7737, -1.03848, 0.480003
17.0403, -27.7841, -1.03368, 0.470866
17.0503, -27.7944, -1.02898, 0.461723
17.0603, -27.8047, -1.02436, 0.452571
17.0703, -27.8149, -1.01983, 0.443412
17.0803, -27.8251, -1.0154, 0.434248
17.0903, -27.8353, -1.01106, 0.425079
17.1003, -27.8454, -1.00681, 0.415905
17.1103, -27.8555, -1.00265, 0.406727
17.1203, -27.8655, -0.99858, 0.397547
17.1303, -27.8755, -0.994604, 0.388365
17.1403, -27.8854, -0.99072, 0.37918
17.1503, -27.8953, -0.986929, 0.369995
17.1603, -27.9052, -0.983229, 0.360809
17.1703, -27.915, -0.979621, 0.351621
17.1803, -27.9248, -0.976104, 0.342434
17.1903, -27.9346, -0.97268, 0.333246
17.2003, -27.9443, -0.969348, 0.324059
17.2103, -27.954, -0.966107, 0.314874
17.2203, -27.9637, -0.962958, 0.30569
17.2303, -27.9733, -0.959901, 0.296507
17.2403, -27.9829, -0.956936, 0.287325
17.2503, -27.9925, -0.954063, 0.278147
17.2603, -28.002, -0.951282, 0.26897
17.2703, -28.0115, -0.948592, 0.259797
17.2803, -28.021, -0.945994, 0.250626
17.2903, -28.0305, -0.943488, 0.241456
17.3003, -28.0399, -0.941073, 0.232289
17.3103, -28.0493, -0.93875, 0.223125
17.3203, -28.0587, -0.936519, 0.213964
17.3303, -28.0681, -0.934379, 0.204807
17.3403, -28.0774, -0.932331, 0.195652
17.3503, -28.0867, -0.930375, 0.186501
17.3603, -28.096, -0.92851, 0.177352
17.3703, -28.1053, -0.926736, 0.168207
17.3803, -28.1146, -0.925054, 0.159064
17.3903, -28.1238, -0.923463, 0.149924
17.4003, -28.1331, -0.921964, 0.140787
17.4103, -28.1423, -0.920556, 0.131653
17.4203, -28.1515, -0.91924, 0.122523
17.4303, -28.1607, -0.918015, 0.113395
17.4403, -28.1699, -0.916881, 0.10427
17.4503, -28.179, -0.915838, 0.0951469
17.4603, -28.1882, -0.914886, 0.0860255
17.4703, -28.1974, -0.914026, 0.0769064
17.4803, -28.2065, -0.913257, 0.0677904
17.4903, -28.2156, -0.912579, 0.0586763
17.5003, -28.2248, -0.911992, 0.0495631
17.5103, -28.2339, -0.911497, 0.0404533
17.5203, -28.243, -0.911092, 0.031344
17.5303, -28.2521, -0.910779, 0.0222359
17.5403, -28.2612, -0.910556, 0.0131297
17.5503, -28.2703, -0.910425, 0.00402442
17.5603, -28.2794, -0.910385, -0.00507932
17.5703, -28.2885, -0.910436, -0.0141826
17.5803, -28.2976, -0.910577, -0.0232848
17.5903, -28.3067, -0.91081, -0.0323869
17.6003, -28.3158, -0.911134, -0.0414883
17.6103, -28.3249, -0.911549, -0.05059
17.6203, -28.3341, -0.912055, -0.0596913
17.6303, -28.3432, -0.912652, -0.0687933
17.6403, -28.3523, -0.91334, -0.0778954
17.6503, -28.3614, -0.914119, -0.0869986
17.6603, -28.3706, -0.914989, -0.0961021
17.6703, -28.3797, -0.91595, -0.105205
17.6803, -28.3889, -0.917002, -0.114309
17.6903, -28.3981, -0.918145, -0.123414
17.7003, -28.4072, -0.919379, -0.132521
17.7103, -28.4164, -0.920704, -0.141627
17.7203, -28.4256, -0.922121, -0.150735
17.7303, -28.4349, -0.923628, -0.159845
17.7403, -28.4441, -0.925226, -0.168955
17.7503, -28.4534, -0.926916, -0.178067
17.7603, -28.4626, -0.928697, -0.187181
17.7703, -28.4719, -0.930568, -0.196296
17.7803, -28.4812, -0.932531, -0.205412
17.7903, -28.4905, -0.934586, -0.214529
17.8003, -28.4999, -0.936731, -0.223648
17.8103, -28.5093, -0.938967, -0.232768
17.8203, -28.5186, -0.941295, -0.241889
17.8303, -28.5281, -0.943714, -0.251012
17.8403, -28.5375, -0.946224, -0.260136
17.8503, -28.547, -0.948825, -0.26926
17.8603, -28.5564, -0.951518, -0.278387
17.8703, -28.566, -0.954302, -0.287514
17.8803, -28.5755, -0.957177, -0.29664
17.8903, -28.5851, -0.960143, -0.305767
17.9003, -28.5947, -0.963201, -0.314894
17.9103, -28.6043, -0.96635, -0.324021
17.9203, -28.614, -0.96959, -0.333147
17.9303, -28.6237, -0.972922, -0.342273
17.9403, -28.6334, -0.976344, -0.351398
17.9503, -28.6432, -0.979858, -0.360522
17.9603, -28.653, -0.983464, -0.369644
17.9703, -28.6628, -0.98716, -0.378764
17.9803, -28.6727, -0.990948, -0.387882
17.9903, -28.6826, -0.994827, -0.396996
18.0003, -28.6925, -0.998797, -0.406107
18.0103, -28.7025, -1.00286, -0.415215
18.0203, -28.7125, -1.00701, -0.424317
18.0303, -28.7226, -1.01125, -0.433415
18.0403, -28.7327, -1.01559, -0.442506
18.0503, -28.7429, -1.02001, -0.451591
18.0603, -28.7531, -1.02453, -0.460669
18.0703, -28.7633, -1.02913, -0.469737
18.0803, -28.7736, -1.03383, -0.478798
18.0903, -28.784, -1.03862, -0.487848
18.1003, -28.7943, -1.0435, -0.496887
18.1103, -28.8048, -1.04847, -0.505916
18.1203, -28.8153, -1.05353, -0.514932
18.1303, -28.8258, -1.05868, -0.523935
18.1403, -28.8364, -1.06392, -0.532924
18.1503, -28.847, -1.06924, -0.541896
18.1603, -28.8577, -1.07466, -0.550851
18.1703, -28.8685, -1.08017, -0.559788
18.1803, -28.8793, -1.08577, -0.568705
18.1903, -28.8901, -1.09146, -0.577603
18.2003, -28.901, -1.09723, -0.586478
18.2103, -28.912, -1.1031, -0.59533
18.2203, -28.923, -1.10905, -0.604156
18.2303, -28.9341, -1.11509, -0.612957
18.2403, -28.9453, -1.12122, -0.621729
18.2503, -28.9565, -1.12744, -0.630471
18.2603, -28.9678, -1.13374, -0.639182
18.2703, -28.9791, -1.14014, -0.64786
18.2803, -28.9905, -1.14661, -0.656503
18.2903, -29.002, -1.15318, -0.665109
18.3003, -29.0135, -1.15983, -0.673676
18.3103, -29.0251, -1.16657, -0.682202
18.3203, -29.0368, -1.17339, -0.690685
18.3303, -29.0485, -1.1803, -0.699123
18.3403, -29.0603, -1.18729, -0.707513
18.3503, -29.0722, -1.19436, -0.715854
18.3603, -29.0841, -1.20152, -0.724142
18.3703, -29.0961, -1.20876, -0.732375
18.3803, -29.1082, -1.21609, -0.740552
18.3903, -29.1204, -1.22349, -0.748669
18.4003, -29.1326, -1.23098, -0.756724
18.4103, -29.1449, -1.23855, -0.764714
18.4203, -29.1573, -1.24619, -0.772637
18.4303, -29.1698, -1.25392, -0.780488
18.4403, -29.1823, -1.26172, -0.788266
18.4503, -29.1949, -1.26961, -0.795967
18.4603, -29.2076, -1.27757, -0.803587
18.4703, -29.2204, -1.2856, -0.811125
18.4803, -29.2333, -1.29371, -0.818577
18.4903, -29.2462, -1.3019, -0.82594
18.5003, -29.2592, -1.31016, -0.833209
18.5103, -29.2723, -1.31849, -0.840382
18.5203, -29.2855, -1.32689, -0.847455
18.5303, -29.2988, -1.33537, -0.854425
18.5403, -29.3121, -1.34391, -0.861286
18.5503, -29.3256, -1.35253, -0.868037
18.5603, -29.3391, -1.36121, -0.874673
18.5703, -29.3527, -1.36995, -0.88119
18.5803, -29.3664, -1.37877, -0.887583
18.5903, -29.3802, -1.38764, -0.89385
18.6003, -29.3941, -1.39658, -0.899985
18.6103, -29.408, -1.40558, -0.905985
18.6203, -29.4221, -1.41464, -0.911845
18.6303, -29.4362, -1.42376, -0.917562
18.6403, -29.4505, -1.43293, -0.923129
18.6503, -29.4648, -1.44216, -0.928544
18.6603, -29.4792, -1.45145, -0.933801
18.6703, -29.4937, -1.46079, -0.938896
18.6803, -29.5084, -1.47018, -0.943824
18.6903, -29.5231, -1.47962, -0.94858
18.7003, -29.5378, -1.4891, -0.953159
18.7103, -29.5527, -1.49863, -0.957557
18.7203, -29.5677, -1.50821, -0.961769
18.7303, -29.5828, -1.51783, -0.96579
18.7403, -29.598, -1.52748, -0.969615
18.7503, -29.6133, -1.53718, -0.973238
18.7603, -29.6286, -1.54691, -0.976655
18.7703, -29.6441, -1.55668, -0.979861
18.7803, -29.6597, -1.56648, -0.98285
18.7903, -29.6753, -1.57631, -0.985618
18.8003, -29.6911, -1.58616, -0.988159
18.8103, -29.707, -1.59604, -0.990469
18.8203, -29.7229, -1.60595, -0.992541
18.8303, -29.739, -1.61587, -0.994371
18.8403, -29.7551, -1.62582, -0.995953
18.8503, -29.7714, -1.63578, -0.997283
18.8603, -29.7877, -1.64575, -0.998354
18.8703, -29.8042, -1.65573, -0.999163
18.8803, -29.8208, -1.66573, -0.999703
18.8903, -29.8374, -1.67572, -0.99997
18.9003, -29.8542, -1.68572, -0.999959
18.9103, -29.871, -1.69572, -0.999664
18.9203, -29.888, -1.70572, -0.999082
18.9303, -29.905, -1.71571, -0.998205
18.9403, -29.9222, -1.72569, -0.997031
18.9503, -29.9395, -1.73566, -0.995554
18.9603, -29.9568, -1.74562, -0.993769
18.9703, -29.9743, -1.75555, -0.991672
18.9803, -29.9918, -1.76547, -0.989259
18.9903, -30.0095, -1.77536, -0.986524
19.0003, -30.0272, -1.78523, -0.983464
19.0103, -30.0451, -1.79506, -0.980074
19.0203, -30.063, -1.80486, -0.976351
19.0303, -30.0811, -1.81463, -0.97229
19.0403, -30.0992, -1.82435, -0.967888
19.0503, -30.1175, -1.83403, -0.963141
19.0603, -30.1358, -1.84366, -0.958046
19.0703, -30.1543, -1.85324, -0.952599
19.0803, -30.1728, -1.86277, -0.946798
19.0903, -30.1914, -1.87224, -0.940639
19.1003, -30.2101, -1.88164, -0.93412
19.1103, -30.229, -1.89098, -0.927239
19.1203, -30.2479, -1.90026, -0.919992
19.1303, -30.2669, -1.90946, -0.912379
19.1403, -30.286, -1.91858, -0.904397
19.1503, -30.3051, -1.92762, -0.896044
19.1603, -30.3244, -1.93658, -0.88732
19.1703, -30.3438, -1.94546, -0.878224
19.1803, -30.3632, -1.95424, -0.868754
19.1903, -30.3828, -1.96293, -0.858911
19.2003, -30.4024, -1.97152, -0.848694
19.2103, -30.4221, -1.98, -0.838103
19.2203, -30.4419, -1.98838, -0.827138
19.2303, -30.4618, -1.99666, -0.8158
19.2403, -30.4818, -2.00481, -0.804091
19.2503, -30.5018, -2.01285, -0.792012
19.2603, -30.522, -2.02077, -0.779564
19.2703, -30.5422, -2.02857, -0.766749
19.2803, -30.5625, -2.03624, -0.753569
19.2903, -30.5828, -2.04377, -0.740028
19.3003, -30.6033, -2.05117, -0.726128
19.3103, -30.6238, -2.05843, -0.711874
19.3203, -30.6443, -2.06555, -0.697268
19.3303, -30.665, -2.07253, -0.682314
19.3403, -30.6857, -2.07935, -0.667018
19.3503, -30.7065, -2.08602, -0.651382
19.3603, -30.7274, -2.09253, -0.635413
19.3703, -30.7483, -2.09889, -0.619117
19.3803, -30.7693, -2.10508, -0.6025
19.3903, -30.7903, -2.1111, -0.585566
19.4003, -30.8115, -2.11696, -0.568324
19.4103, -30.8326, -2.12264, -0.55078
19.4203, -30.8539, -2.12815, -0.53294
19.4303, -30.8751, -2.13348, -0.514813
19.4403, -30.8965, -2.13863, -0.496406
19.4503, -30.9179, -2.14359, -0.477728
19.4604, -30.9393, -2.14837, -0.458787
19.4704, -30.9608, -2.15296, -0.439593
19.4804, -30.9823, -2.15735, -0.420154
19.4904, -31.0039, -2.16155, -0.400481
19.5004, -31.0255, -2.16556, -0.380582
19.5104, -31.0472, -2.16937, -0.360468
19.5204, -31.0689, -2.17297, -0.340149
19.5304, -31.0906, -2.17637, -0.319635
19.5404, -31.1123, -2.17957, -0.29894
19.5504, -31.1341, -2.18256, -0.278072
19.5604, -31.156, -2.18534, -0.257043
19.5704, -31.1778, -2.18791, -0.235865
19.5804, -31.1997, -2.19027, -0.214548
19.5904, -31.2216, -2.19241, -0.193106
19.6004, -31.2435, -2.19434, -0.171549
19.6104, -31.2655, -2.19606, -0.149891
19.6204, -31.2874, -2.19756, -0.128143
19.6304, -31.3094, -2.19884, -0.106319
19.6404, -31.3314, -2.1999, -0.0844317
19.6504, -31.3534, -2.20075, -0.0624922
19.6604, -31.3754, -2.20137, -0.0405149
19.6704, -31.3974, -2.20178, -0.0185103
19.6804, -31.4194, -2.20196, 0.00350705
19.6904, -31.4415, -2.20193, 0.0255246
19.7004, -31.4635, -2.20167, 0.0475279
19.7104, -31.4855, -2.2012, 0.0695063
19.7204, -31.5075, -2.2005, 0.0914471
19.7304, -31.5295, -2.19959, 0.113336
19.7404, -31.5515, -2.19845, 0.135161
19.7504, -31.5735, -2.1971, 0.156909
19.7604, -31.5955, -2.19553, 0.178568
19.7704, -31.6174, -2.19375, 0.200126
19.7804, -31.6394, -2.19175, 0.22157
19.7904, -31.6613, -2.18953, 0.242888
19.8004, -31.6832, -2.1871, 0.264067
19.8104, -31.705, -2.18446, 0.285097
19.8204, -31.7269, -2.18161, 0.305966
19.8304, -31.7487, -2.17855, 0.326661
19.8404, -31.7705, -2.17528, 0.347173
19.8504, -31.7922, -2.17181, 0.367489
19.8604, -31.814, -2.16814, 0.3876
19.8704, -31.8356, -2.16426, 0.407494
19.8804, -31.8573, -2.16019, 0.427161
19.8904, -31.8789, -2.15591, 0.446592
19.9004, -31.9004, -2.15145, 0.465776
19.9104, -31.922, -2.14679, 0.484706
19.9204, -31.9434, -2.14194, 0.503369
19.9304, -31.9648, -2.13691, 0.521761
19.9404, -31.9862, -2.13169, 0.539871
19.9504, -32.0075, -2.12629, 0.55769
19.9604, -32.0288, -2.12072, 0.575212
19.9704, -32.05, -2.11496, 0.592428
19.9804, -32.0711, -2.10904, 0.609332
19.9904, -32.0922, -2.10295, 0.625919
20.0004, -32.1133, -2.09669, 0.642181
